sample_order,work_id,creator_id,modality,performance_tier,tier_basis,spoken_marker_eligible,source_url,source_path,source_sha256,title,publish_time,metric_views,metric_likes,spoken_chars_nospace,platform,quota_slot
1,wushi_caijing__yt_P870GC3Onvw,wushi_caijing,FULL_SPOKEN,HIGH,views,YES_UNSAMPLED,https://www.youtube.com/watch?v=P870GC3Onvw,/workspace/AI_Media_Matrix/01_benchmark/creator_full_corpus/_aggregate/b2_scale/oral/wushi_caijing/P870GC3Onvw.spoken.txt,c5d8be368fca2934ed6a602df81b3b9d7800b5a9c51dbf47d03fb896aec6db96,【巫师】全球关税混战背后，是不能输的终局之战,20250408,116168,2471,1660,youtube,wushi_caijing:FULL_SPOKEN
2,wushi_caijing__yt_7V0YPwV6M4g,wushi_caijing,FULL_SPOKEN,HIGH,views,NO,https://www.youtube.com/watch?v=7V0YPwV6M4g,/workspace/AI_Media_Matrix/01_benchmark/creator_full_corpus/_aggregate/b2_scale/oral/wushi_caijing/7V0YPwV6M4g.spoken.txt,7c1af250d2d58a78c06898f96a2c65cc6a4ec53de20b70751887c6d4d89773d6,【巫师】关税战02：应给人民爆装备，以及普通人如何应对(7条建议,20250410,94933,2400,1292,youtube,wushi_caijing:FULL_SPOKEN
3,wushi_caijing__yt_e-x9E18v2lg,wushi_caijing,FULL_SPOKEN,HIGH,views,YES_UNSAMPLED,https://www.youtube.com/watch?v=e-x9E18v2lg,/workspace/AI_Media_Matrix/01_benchmark/creator_full_corpus/_aggregate/b2_scale/oral/wushi_caijing/e-x9E18v2lg.spoken.txt,c47ef58b92c1aefab25b74ced5e4025e985df868a0485e1916c3f09af15447a6,【巫师】中美关税战03：乐子大赏,20250413,60398,1159,1675,youtube,wushi_caijing:FULL_SPOKEN
4,wushi_caijing__yt_N7V8CXkxvKs,wushi_caijing,FULL_SPOKEN,HIGH,views,YES_UNSAMPLED,https://www.youtube.com/watch?v=N7V8CXkxvKs,/workspace/AI_Media_Matrix/01_benchmark/creator_full_corpus/_aggregate/b2_scale/oral/wushi_caijing/N7V8CXkxvKs.spoken.txt,a320a4f028ea6428ffea1897200ebedbac9f0bfda5a4ba09e1da7e1f964c8d5c,【巫师】中美再次开战的背后：关税战05，青春没有售价，All-in就在当下,20251011,49373,1022,1286,youtube,wushi_caijing:FULL_SPOKEN
5,wushi_caijing__yt_gXLWh3w1jX8,wushi_caijing,FULL_SPOKEN,HIGH,views,YES_UNSAMPLED,https://www.youtube.com/watch?v=gXLWh3w1jX8,/workspace/AI_Media_Matrix/01_benchmark/creator_full_corpus/_aggregate/b2_scale/oral/wushi_caijing/gXLWh3w1jX8.spoken.txt,6f39418617ef8adab9c9a839d61aa00ed80f55e6039300f22e8ca7bda3069eb7,【巫师】关税战04：回档背后是赢赢赢赢赢，那谁输了,20250513,49354,845,1809,youtube,wushi_caijing:FULL_SPOKEN
6,wushi_caijing__yt_Uh1fS3415Ck,wushi_caijing,FULL_SPOKEN,HIGH,views,YES_UNSAMPLED,https://www.youtube.com/watch?v=Uh1fS3415Ck,/workspace/AI_Media_Matrix/01_benchmark/creator_full_corpus/_aggregate/b2_scale/oral/wushi_caijing/Uh1fS3415Ck.spoken.txt,ddebd6f7054bee93a5d2c4543b8a591b6a5b93cc19b395a41da41619da2c8d01,【巫师】美联储和Trump的资本博弈,20250530,43398,741,1959,youtube,wushi_caijing:FULL_SPOKEN
7,wushi_caijing__yt_HLzGdUMxQtU,wushi_caijing,FULL_SPOKEN,HIGH,views,YES_UNSAMPLED,https://www.youtube.com/watch?v=HLzGdUMxQtU,/workspace/AI_Media_Matrix/01_benchmark/creator_full_corpus/_aggregate/b2_scale/oral/wushi_caijing/HLzGdUMxQtU.spoken.txt,cc3cfd648befe750d0faa4bff44c4d06d0d10b7d838b7737d3e5af60dc079560,【巫师】特朗普访华01：其实只有一个目的,20260512,37328,655,2003,youtube,wushi_caijing:FULL_SPOKEN
8,wushi_caijing__yt_dff49lemfwE,wushi_caijing,FULL_SPOKEN,HIGH,views,YES_UNSAMPLED,https://www.youtube.com/watch?v=dff49lemfwE,/workspace/AI_Media_Matrix/01_benchmark/creator_full_corpus/_aggregate/b2_scale/oral/wushi_caijing/dff49lemfwE.spoken.txt,c5205e55be044300059274f5337abce92944faf896257582d5698866fc2d70a6,【巫师】伊朗美国开打，资本暗涌如何影响我们,20260303,35554,605,670,youtube,wushi_caijing:FULL_SPOKEN
9,wushi_caijing__yt_o6RMKvCrubY,wushi_caijing,FULL_SPOKEN,HIGH,views,YES_UNSAMPLED,https://www.youtube.com/watch?v=o6RMKvCrubY,/workspace/AI_Media_Matrix/01_benchmark/creator_full_corpus/_aggregate/b2_scale/oral/wushi_caijing/o6RMKvCrubY.spoken.txt,695be8af8b86ac64985ff5b6b8a939be3b6b5806f68acee9a3fe3f842e8fbbde,【巫师】USDT等稳定币对普通人到底有什么用，对中国是毒药还是解药,20251017,34824,493,1749,youtube,wushi_caijing:FULL_SPOKEN
10,wushi_caijing__yt__SFiF_sUTK4,wushi_caijing,FULL_SPOKEN,HIGH,views,YES_UNSAMPLED,https://www.youtube.com/watch?v=_SFiF_sUTK4,/workspace/AI_Media_Matrix/01_benchmark/creator_full_corpus/_aggregate/b2_scale/oral/wushi_caijing/_SFiF_sUTK4.spoken.txt,d8b48722ec91790f5f88f7ff1066f556952f713d64289bdce82dd4c2cb447404,【巫师】中国游戏产业：偷偷的进村打枪的不要；中美游戏并非竞争,20251006,31992,420,839,youtube,wushi_caijing:FULL_SPOKEN
11,wushi_caijing__yt_UKYQ6pnRRIo,wushi_caijing,FULL_SPOKEN,HIGH,views,YES_UNSAMPLED,https://www.youtube.com/watch?v=UKYQ6pnRRIo,/workspace/AI_Media_Matrix/01_benchmark/creator_full_corpus/_aggregate/b2_scale/oral/wushi_caijing/UKYQ6pnRRIo.spoken.txt,cc7e29387a976313bf5f687c9b82efabbc023adaf65146f28438ef9be5a2a1fa,【巫师】在车企资本大逃杀中逆行,20250824,27347,298,1978,youtube,wushi_caijing:FULL_SPOKEN
12,wushi_caijing__yt_w4TH_dG_4sY,wushi_caijing,FULL_SPOKEN,HIGH,views,YES,https://www.youtube.com/watch?v=w4TH_dG_4sY,/workspace/AI_Media_Matrix/01_benchmark/creator_full_corpus/_aggregate/b2_scale/oral/wushi_caijing/w4TH_dG_4sY.spoken.txt,684b6ab13c4c11a0aecc98c8a49a794de7487b3d4fed880cdaaa2cbc09fe2ca2,【巫师】生育补贴反而和单身者最有关系，生育补贴有用吗,20250527,25873,334,1025,youtube,wushi_caijing:FULL_SPOKEN
13,wushi_caijing__yt_W_AUp42z4bg,wushi_caijing,FULL_SPOKEN,HIGH,views,YES_UNSAMPLED,https://www.youtube.com/watch?v=W_AUp42z4bg,/workspace/AI_Media_Matrix/01_benchmark/creator_full_corpus/_aggregate/b2_scale/oral/wushi_caijing/W_AUp42z4bg.spoken.txt,93f85904449348ca0a089cc58240c02b572f0089ed066b2a52ae9c838e66a73e,【巫师】崩了。,20260323,25321,374,1953,youtube,wushi_caijing:FULL_SPOKEN
14,wushi_caijing__yt_KZrgY-806e8,wushi_caijing,FULL_SPOKEN,HIGH,views,YES,https://www.youtube.com/watch?v=KZrgY-806e8,/workspace/AI_Media_Matrix/01_benchmark/creator_full_corpus/_aggregate/b2_scale/oral/wushi_caijing/KZrgY-806e8.spoken.txt,d2025d0e64f6c3815e757d486aec1d753b379c8ebd053a7bf908966fd12c5277,【巫师】人类最大IPO来了，行内视角看背后的算计,20260611,24337,494,2277,youtube,wushi_caijing:FULL_SPOKEN
15,wushi_caijing__yt_vypl8VCCW1A,wushi_caijing,FULL_SPOKEN,HIGH,views,YES_UNSAMPLED,https://www.youtube.com/watch?v=vypl8VCCW1A,/workspace/AI_Media_Matrix/01_benchmark/creator_full_corpus/_aggregate/b2_scale/oral/wushi_caijing/vypl8VCCW1A.spoken.txt,aca29fb742efe7936a3ef3333277565720c44337da842b17d314876238a51b6f,【巫师】美国干伊朗02，藏着对我们的资本阴招儿,20260305,23532,497,410,youtube,wushi_caijing:FULL_SPOKEN
16,wushi_caijing__yt_IvDQrhMDkEE,wushi_caijing,FULL_SPOKEN,HIGH,views,YES_UNSAMPLED,https://www.youtube.com/watch?v=IvDQrhMDkEE,/workspace/AI_Media_Matrix/01_benchmark/creator_full_corpus/_aggregate/b2_scale/oral/wushi_caijing/IvDQrhMDkEE.spoken.txt,dee97c00d1dd1d8c042a324a2ba919ff83036ced38a5d10e2527c0f432e7ea51,【巫师】全球股市年度排名，谁是神谁是史，2025年策略前瞻,20241228,21249,250,905,youtube,wushi_caijing:FULL_SPOKEN
17,wushi_caijing__yt_Jw4OK1b_k4Q,wushi_caijing,FULL_SPOKEN,HIGH,views,YES_UNSAMPLED,https://www.youtube.com/watch?v=Jw4OK1b_k4Q,/workspace/AI_Media_Matrix/01_benchmark/creator_full_corpus/_aggregate/b2_scale/oral/wushi_caijing/Jw4OK1b_k4Q.spoken.txt,a59a57f30c1b9afa36599061969094a2afa1263287b304e711491bb7a679ad0a,【巫师】男色经济，和它的变种们,20260306,21202,346,1422,youtube,wushi_caijing:FULL_SPOKEN
18,wushi_caijing__yt__HLF6QMG6Ys,wushi_caijing,FULL_SPOKEN,HIGH,views,YES_UNSAMPLED,https://www.youtube.com/watch?v=_HLF6QMG6Ys,/workspace/AI_Media_Matrix/01_benchmark/creator_full_corpus/_aggregate/b2_scale/oral/wushi_caijing/_HLF6QMG6Ys.spoken.txt,b63b24a36464ad6b400ba1be15728dd9ed086a097e1c47cc61f3881303735561,【巫师】2025年五个投资大坑，你踩了几个,20251224,20294,302,1901,youtube,wushi_caijing:FULL_SPOKEN
19,wushi_caijing__yt_I49MVzGSgP0,wushi_caijing,FULL_SPOKEN,HIGH,views,YES_UNSAMPLED,https://www.youtube.com/watch?v=I49MVzGSgP0,/workspace/AI_Media_Matrix/01_benchmark/creator_full_corpus/_aggregate/b2_scale/oral/wushi_caijing/I49MVzGSgP0.spoken.txt,9fc1197ee09e808fdfc88b230bce7756d423e688ad896ca2ed02e01f6442d431,【巫师】一年只更新5个视频的我怎么盈利，IP孵化，代运营，巫师Tube商业模式【我是怎么赚钱的01】,20240602,18909,307,1444,youtube,wushi_caijing:FULL_SPOKEN
20,wushi_caijing__yt_FakcBw1sCwY,wushi_caijing,FULL_SPOKEN,HIGH,views,YES_UNSAMPLED,https://www.youtube.com/watch?v=FakcBw1sCwY,/workspace/AI_Media_Matrix/01_benchmark/creator_full_corpus/_aggregate/b2_scale/oral/wushi_caijing/FakcBw1sCwY.spoken.txt,dcf67c292f1cb25aaf043f12ccc3f4c44c2ae3b81d4f2720845b1c37d463120c,【巫师】李子柒的资本博弈,20220901,18738,151,1447,youtube,wushi_caijing:FULL_SPOKEN
21,wushi_caijing__yt_baf-mj2C8FA,wushi_caijing,FULL_SPOKEN,MEDIAN,views,YES_UNSAMPLED,https://www.youtube.com/watch?v=baf-mj2C8FA,/workspace/AI_Media_Matrix/01_benchmark/creator_full_corpus/_aggregate/b2_scale/oral/wushi_caijing/baf-mj2C8FA.spoken.txt,374a611df7e5544dac8be6a34f230868187fb5df55a7a276a1f331512700ff6c,【巫师】王一博资本博弈第二季，给“资本”调成什么样了？,20260331,18652,202,1815,youtube,wushi_caijing:FULL_SPOKEN
22,wushi_caijing__yt_UtLGyEdpGxg,wushi_caijing,FULL_SPOKEN,MEDIAN,views,YES_UNSAMPLED,https://www.youtube.com/watch?v=UtLGyEdpGxg,/workspace/AI_Media_Matrix/01_benchmark/creator_full_corpus/_aggregate/b2_scale/oral/wushi_caijing/UtLGyEdpGxg.spoken.txt,bff69c42237c9977e8c9ffbcc5f6832bf4c787969641a15593e3ddbf196b67bd,【巫师】网红与资本EP.09（薇娅税务问题）,20220822,15519,81,800,youtube,wushi_caijing:FULL_SPOKEN
23,wushi_caijing__yt_xlhg7Boipl0,wushi_caijing,FULL_SPOKEN,MEDIAN,views,YES_UNSAMPLED,https://www.youtube.com/watch?v=xlhg7Boipl0,/workspace/AI_Media_Matrix/01_benchmark/creator_full_corpus/_aggregate/b2_scale/oral/wushi_caijing/xlhg7Boipl0.spoken.txt,9ca74435751b1e77ab38ca6e8be41e6c55c397af185f081a22a666af8581f2f6,【巫师】网红与资本EP.14，咪蒙的资本博弈,20220826,15008,109,1977,youtube,wushi_caijing:FULL_SPOKEN
24,wushi_caijing__yt_2oFB24-8_X4,wushi_caijing,FULL_SPOKEN,MEDIAN,views,YES_UNSAMPLED,https://www.youtube.com/watch?v=2oFB24-8_X4,/workspace/AI_Media_Matrix/01_benchmark/creator_full_corpus/_aggregate/b2_scale/oral/wushi_caijing/2oFB24-8_X4.spoken.txt,c530d158069404e063e04d1fd86b46ea8da266060955d44140f782403e34d4d4,【巫师】网红与资本简史EP.12：李佳琦的资本操作+2009开头,20220823,14938,84,1024,youtube,wushi_caijing:FULL_SPOKEN
25,wushi_caijing__yt_qh6yW2TEoko,wushi_caijing,FULL_SPOKEN,MEDIAN,views,YES_UNSAMPLED,https://www.youtube.com/watch?v=qh6yW2TEoko,/workspace/AI_Media_Matrix/01_benchmark/creator_full_corpus/_aggregate/b2_scale/oral/wushi_caijing/qh6yW2TEoko.spoken.txt,7936e77443dbf3a65ee7881bee3610cb901c34607da112facc85aa7c09834453,【巫师】网红与资本简史EP.13（2009的商业化+卢本伟+斗鱼的资本博弈）,20220824,14775,78,533,youtube,wushi_caijing:FULL_SPOKEN
26,wushi_caijing__yt_9rqqeK5a_wk,wushi_caijing,FULL_SPOKEN,MEDIAN,views,YES_UNSAMPLED,https://www.youtube.com/watch?v=9rqqeK5a_wk,/workspace/AI_Media_Matrix/01_benchmark/creator_full_corpus/_aggregate/b2_scale/oral/wushi_caijing/9rqqeK5a_wk.spoken.txt,4d6ed27cc4c453574fbbbed107c24602b2f2cadd1328b1ef1a0dc454512ec3ae,【巫师】综艺IP和狼人杀的崩盘,20220917,14263,118,671,youtube,wushi_caijing:FULL_SPOKEN
27,wushi_caijing__yt_MYgYuv4mob4,wushi_caijing,FULL_SPOKEN,MEDIAN,views,YES_UNSAMPLED,https://www.youtube.com/watch?v=MYgYuv4mob4,/workspace/AI_Media_Matrix/01_benchmark/creator_full_corpus/_aggregate/b2_scale/oral/wushi_caijing/MYgYuv4mob4.spoken.txt,49fad644838f4c0e61106bfa6ab2e517e9a6caa21c8d02a3d373752407ef482a,【巫师】网红到底有什么价值,20221018,14141,237,278,youtube,wushi_caijing:FULL_SPOKEN
28,wushi_caijing__yt_b_yvR-QJH9c,wushi_caijing,FULL_SPOKEN,MEDIAN,views,YES_UNSAMPLED,https://www.youtube.com/watch?v=b_yvR-QJH9c,/workspace/AI_Media_Matrix/01_benchmark/creator_full_corpus/_aggregate/b2_scale/oral/wushi_caijing/b_yvR-QJH9c.spoken.txt,25ac6d44aca27d9900692d8caeabbe801a1770b0fcf65f7be25af27df8edf143,【巫师】保健品行业的资本博弈，“资贼”是怎么出现的,20260123,13954,178,4235,youtube,wushi_caijing:FULL_SPOKEN
29,wushi_caijing__yt_DhyJCZkwZqo,wushi_caijing,FULL_SPOKEN,MEDIAN,views,YES_UNSAMPLED,https://www.youtube.com/watch?v=DhyJCZkwZqo,/workspace/AI_Media_Matrix/01_benchmark/creator_full_corpus/_aggregate/b2_scale/oral/wushi_caijing/DhyJCZkwZqo.spoken.txt,524f609f12e561d103dd6c2d14f2311aa891a4901912f3581a4787e9d62c7dd0,【巫师】网红与资本EP.16，水库欧神炒房时代落幕+同道大叔的发家,20220828,13823,98,1840,youtube,wushi_caijing:FULL_SPOKEN
30,wushi_caijing__yt_QyPqm0hIFu8,wushi_caijing,FULL_SPOKEN,MEDIAN,views,YES_UNSAMPLED,https://www.youtube.com/watch?v=QyPqm0hIFu8,/workspace/AI_Media_Matrix/01_benchmark/creator_full_corpus/_aggregate/b2_scale/oral/wushi_caijing/QyPqm0hIFu8.spoken.txt,0c950f247e5a0a446e5dbc30b75cccb29a62898b2a5ff3635efc8fc2cd9a87bb,【巫师】网红与资本简史EP.11（李佳琦的起势）,20220823,13774,61,1084,youtube,wushi_caijing:FULL_SPOKEN
31,banfo_xianren__tt_6905282185461498375,banfo_xianren,COMPLETE_TEXT,HIGH,likes_or_chars,N/A_TEXT,https://www.toutiao.com/article/6905282185461498375/,/workspace/AI_Media_Matrix/01_benchmark/creator_full_corpus/banfo_xianren/transcripts/6905282185461498375.txt,c2eb7eb1f0dbe7a09e7f1c5907dddefb1f8735422e7992243f5206dba7c66904,陈鹤皋，疯癫宗师的冷静江湖,2020-12-12 08:31,0,2492,9080,toutiao,banfo_xianren:COMPLETE_TEXT
32,bidu__yt_InkelXjIR6Y,bidu,FULL_SPOKEN,HIGH,views,YES,https://www.youtube.com/watch?v=InkelXjIR6Y,/workspace/AI_Media_Matrix/01_benchmark/creator_full_corpus/_aggregate/b2_scale/oral/bidu/InkelXjIR6Y.spoken.txt,6db64a7f4c3a8a26beb408bc82deef09e752ce5331143d5cfa284bd0e476cd87,都说1不能除以0，如果我硬要除呢？ #数学 #科普 #math,20240628,288328,4706,878,youtube,bidu:FULL_SPOKEN
33,wenyifei_jijiu__tt_7626259326499324467,wenyifei_jijiu,COMPLETE_TEXT,HIGH,likes_or_chars,N/A_TEXT,https://www.toutiao.com/article/7626259326499324467/,/workspace/AI_Media_Matrix/01_benchmark/creator_full_corpus/wenyifei_jijiu/transcripts/7626259326499324467.txt,853219aa387bc0be1a473a7a6d5d034fb0a893da6f9390ad0bd4f898f022f925,美伊战争打醒了所有人！原来中国真正的“护城河”，竟然是山西！,2026-04-08 05:42,0,13675,2019,toutiao,wenyifei_jijiu:COMPLETE_TEXT
34,hetongxue__yt_txfIzLpR9Uc,hetongxue,FULL_SPOKEN,HIGH,views,YES,https://www.youtube.com/watch?v=txfIzLpR9Uc,/workspace/AI_Media_Matrix/01_benchmark/creator_full_corpus/_aggregate/b2_scale/oral/hetongxue/txfIzLpR9Uc.spoken.txt,3f63981e8a53d6b3c7dcc59f2f718e5ce3599b1040e9fcfee616ba70d57e5708,【何同学】快充伤电池？40部手机两年实验，告诉你最佳充电方式,20230406,1054416,60285,827,youtube,hetongxue:FULL_SPOKEN
35,xiaolin_shuo__tt_7440187654810976780,xiaolin_shuo,COMPLETE_TEXT,HIGH,likes_or_chars,N/A_TEXT,https://www.toutiao.com/article/7440187654810976780/,/workspace/AI_Media_Matrix/01_benchmark/creator_full_corpus/xiaolin_shuo/transcripts/7440187654810976780.txt,56c6a52f8c05950dcef913971f4ba01c9c63a8b1efd9babfe65f7e21d5869256,亚洲首富垄断印度经济，竟然被做空了？,2024-11-22 19:32,0,2023,4918,toutiao,xiaolin_shuo:COMPLETE_TEXT
36,wushi_caijing__yt_jm2Xp-r5-iI,wushi_caijing,FULL_SPOKEN,MEDIAN,views,YES,https://www.youtube.com/watch?v=jm2Xp-r5-iI,/workspace/AI_Media_Matrix/01_benchmark/creator_full_corpus/_aggregate/b2_scale/oral/wushi_caijing/jm2Xp-r5-iI.spoken.txt,e1f665adee9247b19eb957f4a452ec5713b28b251715563678676d0d9c59004d,【巫师】快手6大家族，辛巴发家史和资本操作,20220910,13736,83,1376,youtube,wushi_caijing:FULL_SPOKEN
37,xiaolin_shuo__yt_XDXeZk6a170,xiaolin_shuo,FULL_SPOKEN,HIGH,views,NO,https://www.youtube.com/watch?v=XDXeZk6a170,/workspace/AI_Media_Matrix/01_benchmark/creator_full_corpus/_aggregate/b2_scale/oral/xiaolin_shuo/XDXeZk6a170.spoken.txt,924effc1055b9df55fe08b7c1928da5a28b393ad99deb0076a85437d51c40b2a,美国刹不住的贸易逆差，根本原因是什么?,20250329,2759532,59537,5873,youtube,xiaolin_shuo:FULL_SPOKEN
38,banfo_xianren__tt_7552859218844434994,banfo_xianren,COMPLETE_TEXT,HIGH,likes_or_chars,N/A_TEXT,https://www.toutiao.com/article/7552859218844434994/,/workspace/AI_Media_Matrix/01_benchmark/creator_full_corpus/banfo_xianren/transcripts/7552859218844434994.txt,b2b29c4e09596afc01bff009089674c0c363fa64c676fa799c92b9470178aa4a,非法穿越的死者家属起诉公益救援队？做得好,2025-09-22 10:33,0,962,1240,toutiao,banfo_xianren:COMPLETE_TEXT
39,bidu__yt_ZCmkG6Yw1A8,bidu,FULL_SPOKEN,HIGH,views,YES_UNSAMPLED,https://www.youtube.com/watch?v=ZCmkG6Yw1A8,/workspace/AI_Media_Matrix/01_benchmark/creator_full_corpus/_aggregate/b2_scale/oral/bidu/ZCmkG6Yw1A8.spoken.txt,f250b849a628d43b10b09c1690112e63c146aba096f1307e6010337eb3abc506,爆煮一个月绿豆汤！我正式终结绿豆汤的红绿之争！ #冷知识 #科普 #科学,20240920,218868,4730,488,youtube,bidu:FULL_SPOKEN
40,wenyifei_jijiu__tt_7044892809442198048,wenyifei_jijiu,COMPLETE_TEXT,HIGH,likes_or_chars,N/A_TEXT,https://www.toutiao.com/article/7044892809442198048/,/workspace/AI_Media_Matrix/01_benchmark/creator_full_corpus/wenyifei_jijiu/transcripts/7044892809442198048.txt,4adcb3664cdb33b0aafdde626416cf82f2322d5f02b8f604bdc6aadfb9cc76f1,2022楼市会怎么样？看完清清楚楚,2021-12-23 14:23,0,9595,2476,toutiao,wenyifei_jijiu:COMPLETE_TEXT
41,hetongxue__yt_uSbNu5LsIi0,hetongxue,FULL_SPOKEN,HIGH,views,NO,https://www.youtube.com/watch?v=uSbNu5LsIi0,/workspace/AI_Media_Matrix/01_benchmark/creator_full_corpus/_aggregate/b2_scale/oral/hetongxue/uSbNu5LsIi0.spoken.txt,8bd84222d9b8685738df92dc80d74fd12c966887265df784313975061f518691,【何同學】100塊到100萬的音響有啥區別？,20240426,869328,21137,3307,youtube,hetongxue:FULL_SPOKEN
42,xiaolin_shuo__tt_7486873602814378496,xiaolin_shuo,COMPLETE_TEXT,HIGH,likes_or_chars,N/A_TEXT,https://www.toutiao.com/article/7486873602814378496/,/workspace/AI_Media_Matrix/01_benchmark/creator_full_corpus/xiaolin_shuo/transcripts/7486873602814378496.txt,9846cf3eecdb739ec8a8aa7320055dfd1c3726f4b9c969d0150cc88e707f5de6,美国刹不住的贸易逆差，根本原因是什么?,2025-03-28 14:53,0,874,7412,toutiao,xiaolin_shuo:COMPLETE_TEXT
43,wushi_caijing__yt_2Y8fCRSZwY4,wushi_caijing,FULL_SPOKEN,MEDIAN,views,YES,https://www.youtube.com/watch?v=2Y8fCRSZwY4,/workspace/AI_Media_Matrix/01_benchmark/creator_full_corpus/_aggregate/b2_scale/oral/wushi_caijing/2Y8fCRSZwY4.spoken.txt,a9f27f6203060cad929acd16b23f5f3dc1719571cc70f492891f9e9821d61615,【巫师】网红与资本EP.18，papi资本化，暴走漫画和日食记,20220830,13042,93,1067,youtube,wushi_caijing:FULL_SPOKEN
44,xiaolin_shuo__yt_8BN8p5xDkzw,xiaolin_shuo,FULL_SPOKEN,HIGH,views,NO,https://www.youtube.com/watch?v=8BN8p5xDkzw,/workspace/AI_Media_Matrix/01_benchmark/creator_full_corpus/_aggregate/b2_scale/oral/xiaolin_shuo/8BN8p5xDkzw.spoken.txt,f63f6b7cfd6052d913c8c6f1e2552ca074c1865c81e5c4b3dd037bec3461605b,日元创40年新低，美国突然出手，怎么回事儿？,20260828,2197746,16282,5203,youtube,xiaolin_shuo:FULL_SPOKEN
45,banfo_xianren__tt_7595144248563876406,banfo_xianren,COMPLETE_TEXT,HIGH,likes_or_chars,N/A_TEXT,https://www.toutiao.com/article/7595144248563876406/,/workspace/AI_Media_Matrix/01_benchmark/creator_full_corpus/banfo_xianren/transcripts/7595144248563876406.txt,862c1c1bdf4e6bfb53f65ef2b82ba9ba33994c801566ce44f594c323e62e1586,非法穿越的死者家属起诉公益救援队？做得好,2026-01-14 09:24,0,894,1351,toutiao,banfo_xianren:COMPLETE_TEXT
46,bidu__yt_yhMq7uSv5Q4,bidu,FULL_SPOKEN,HIGH,views,YES,https://www.youtube.com/watch?v=yhMq7uSv5Q4,/workspace/AI_Media_Matrix/01_benchmark/creator_full_corpus/_aggregate/b2_scale/oral/bidu/yhMq7uSv5Q4.spoken.txt,d0672e1cbe4d632b700085857abd613cd8c32bb6d4a761ee30a07505c4ed5f5d,衣架套头，头就会自动转起来？是玄学还是科学？丨毕导THU,20200713,185980,3571,977,youtube,bidu:FULL_SPOKEN
47,wenyifei_jijiu__tt_7613727712246645298,wenyifei_jijiu,COMPLETE_TEXT,HIGH,likes_or_chars,N/A_TEXT,https://www.toutiao.com/article/7613727712246645298/,/workspace/AI_Media_Matrix/01_benchmark/creator_full_corpus/wenyifei_jijiu/transcripts/7613727712246645298.txt,2a8d3820432ef98c4e4b7de868b0d1de8010b5a11eeaff707d5f7e2014e5b9fb,看懂2026年政府工作报告，普通人的机会和风险指南,2026-03-05 11:14,0,4423,2185,toutiao,wenyifei_jijiu:COMPLETE_TEXT
48,hetongxue__yt_qQe8xkYu8S4,hetongxue,FULL_SPOKEN,HIGH,views,NO,https://www.youtube.com/watch?v=qQe8xkYu8S4,/workspace/AI_Media_Matrix/01_benchmark/creator_full_corpus/_aggregate/b2_scale/oral/hetongxue/qQe8xkYu8S4.spoken.txt,f8827a48c816b240c6667f3b066975fcfdbc388ef013b6d415d8457d652d9d27,邊充邊玩傷電池？24部手機，6個月，告訴妳最佳充電方式,20250516,761087,29893,2595,youtube,hetongxue:FULL_SPOKEN
49,xiaolin_shuo__tt_7544326759458636340,xiaolin_shuo,COMPLETE_TEXT,HIGH,likes_or_chars,N/A_TEXT,https://www.toutiao.com/article/7544326759458636340/,/workspace/AI_Media_Matrix/01_benchmark/creator_full_corpus/xiaolin_shuo/transcripts/7544326759458636340.txt,65d7c1759c671985ccf14cc9cf34126571888395f0a7b0d40277ffc5c17fb96c,"中国经济2025 (小结, 简单聊聊)",NULL,0,699,3372,toutiao,xiaolin_shuo:COMPLETE_TEXT
50,wushi_caijing__yt_WjOiKR0WMjg,wushi_caijing,FULL_SPOKEN,MEDIAN,views,YES_UNSAMPLED,https://www.youtube.com/watch?v=WjOiKR0WMjg,/workspace/AI_Media_Matrix/01_benchmark/creator_full_corpus/_aggregate/b2_scale/oral/wushi_caijing/WjOiKR0WMjg.spoken.txt,dce0b4614b8a8c352505347d7b13c30ce327cad1e64317f87a61322eaabde76f,【巫师】网红与资本EP.17，同道大叔套现+papi崛起,20220829,11772,74,2927,youtube,wushi_caijing:FULL_SPOKEN
51,xiaolin_shuo__yt_XCqFwufI_KM,xiaolin_shuo,FULL_SPOKEN,HIGH,views,NO,https://www.youtube.com/watch?v=XCqFwufI_KM,/workspace/AI_Media_Matrix/01_benchmark/creator_full_corpus/_aggregate/b2_scale/oral/xiaolin_shuo/XCqFwufI_KM.spoken.txt,1ff4725250efb4e69b7ad3d68d294b9de4f8e6a5990f64b3b00e8cdf17fa1c91,全球第一网红 | 一边撒钱 一边赚钱 | How?,20250514,2158903,53065,6742,youtube,xiaolin_shuo:FULL_SPOKEN
52,banfo_xianren__tt_7636718069770977792,banfo_xianren,COMPLETE_TEXT,HIGH,likes_or_chars,N/A_TEXT,https://www.toutiao.com/article/7636718069770977792/,/workspace/AI_Media_Matrix/01_benchmark/creator_full_corpus/banfo_xianren/transcripts/7636718069770977792.txt,04a8e616619642257f748e1881acbf94287c597a229654299f74bf2f39957519,生蚝，壮阳的战争与谎言,2026-05-06 10:10,0,612,9324,toutiao,banfo_xianren:COMPLETE_TEXT
53,bidu__yt_Zw5teGECnKQ,bidu,FULL_SPOKEN,HIGH,views,YES_UNSAMPLED,https://www.youtube.com/watch?v=Zw5teGECnKQ,/workspace/AI_Media_Matrix/01_benchmark/creator_full_corpus/_aggregate/b2_scale/oral/bidu/Zw5teGECnKQ.spoken.txt,f806af5ecba158c1f4a07805572696ba2cb14f61ebf2bfb16dd196a6499895e8,【毕导】薯片掉地上到底能不能吃了？这次我打脸我自己！Is the 5-Second Rule True？丨毕导THU,20191119,172936,4045,1555,youtube,bidu:FULL_SPOKEN
54,wenyifei_jijiu__tt_7639316960383107636,wenyifei_jijiu,COMPLETE_TEXT,HIGH,likes_or_chars,N/A_TEXT,https://www.toutiao.com/article/7639316960383107636/,/workspace/AI_Media_Matrix/01_benchmark/creator_full_corpus/wenyifei_jijiu/transcripts/7639316960383107636.txt,e1d187db731d58b89d05b3705a569ae6ccd7002855f1e698565991328fa83467,头条独家丨资产价值大分化，普通人该怎么把握机会？,2026-05-13 10:21,0,2655,2580,toutiao,wenyifei_jijiu:COMPLETE_TEXT
55,hetongxue__yt__1AaLf9khpc,hetongxue,FULL_SPOKEN,HIGH,views,YES_UNSAMPLED,https://www.youtube.com/watch?v=_1AaLf9khpc,/workspace/AI_Media_Matrix/01_benchmark/creator_full_corpus/_aggregate/b2_scale/oral/hetongxue/_1AaLf9khpc.spoken.txt,ff0d844750e931bcb94b20c507c347ab0b92c26fd430db42609a320d41ed6b0f,【何同学】很牛，但没用丨苹果Vision Pro深度体验,20240224,635597,9472,1300,youtube,hetongxue:FULL_SPOKEN
56,xiaolin_shuo__tt_7589552775277707802,xiaolin_shuo,COMPLETE_TEXT,HIGH,likes_or_chars,N/A_TEXT,https://www.toutiao.com/article/7589552775277707802/,/workspace/AI_Media_Matrix/01_benchmark/creator_full_corpus/xiaolin_shuo/transcripts/7589552775277707802.txt,f7c853079e9adfc27c3198d272609d074b8a162c4dfef7bf7405872cd53f07ff,【年度总结】一口气了解2025年的全球经济,NULL,0,554,17655,toutiao,xiaolin_shuo:COMPLETE_TEXT
57,wushi_caijing__yt_Wfn3fHpNvNE,wushi_caijing,FULL_SPOKEN,MEDIAN,views,YES_UNSAMPLED,https://www.youtube.com/watch?v=Wfn3fHpNvNE,/workspace/AI_Media_Matrix/01_benchmark/creator_full_corpus/_aggregate/b2_scale/oral/wushi_caijing/Wfn3fHpNvNE.spoken.txt,730a3559652704e30538bd46c8c79e9b385cba55a3448e852b198742f2eca779,【巫师】2026世界杯金主Top10,20260719,11733,130,386,youtube,wushi_caijing:FULL_SPOKEN
58,xiaolin_shuo__yt_4hBpLHqBSOg,xiaolin_shuo,FULL_SPOKEN,HIGH,views,NO,https://www.youtube.com/watch?v=4hBpLHqBSOg,/workspace/AI_Media_Matrix/01_benchmark/creator_full_corpus/_aggregate/b2_scale/oral/xiaolin_shuo/4hBpLHqBSOg.spoken.txt,5cd966ad73a81df81962111ccf92d4e61b4e9c52b387d3bc976cd92df2665bc9,一口气了解12万亿化债和中国的财政体系,20250117,1947888,28383,7559,youtube,xiaolin_shuo:FULL_SPOKEN
59,banfo_xianren__tt_7275666693400134200,banfo_xianren,COMPLETE_TEXT,HIGH,likes_or_chars,N/A_TEXT,https://www.toutiao.com/article/7275666693400134200/,/workspace/AI_Media_Matrix/01_benchmark/creator_full_corpus/banfo_xianren/transcripts/7275666693400134200.txt,a5ea18258ff65f0d4263113531d8b6e23e11b9bda11c11cb3ba08628692cd284,瑞幸加茅台，华尔街跪下来,2023-09-06 11:03,0,463,2681,toutiao,banfo_xianren:COMPLETE_TEXT
60,bidu__yt_epqteQ1dTbI,bidu,FULL_SPOKEN,HIGH,views,YES_UNSAMPLED,https://www.youtube.com/watch?v=epqteQ1dTbI,/workspace/AI_Media_Matrix/01_benchmark/creator_full_corpus/_aggregate/b2_scale/oral/bidu/epqteQ1dTbI.spoken.txt,588046af5879c830bfeae770c990f0ba961b6104d14b7d92c78b8999f92fa1b7,科学打假！乌鸦喝水的寓言竟然骗了我们这么多年！ |毕导,20201230,162003,4079,640,youtube,bidu:FULL_SPOKEN
61,wenyifei_jijiu__tt_7480426105401295397,wenyifei_jijiu,COMPLETE_TEXT,HIGH,likes_or_chars,N/A_TEXT,https://www.toutiao.com/article/7480426105401295397/,/workspace/AI_Media_Matrix/01_benchmark/creator_full_corpus/wenyifei_jijiu/transcripts/7480426105401295397.txt,dd9768fa4292dc0450209be5637e07b20d73f95f2402e744059a708b3cd64098,一号文件两个“不允许”，在防什么？,2025-03-11 08:55,0,1625,1674,toutiao,wenyifei_jijiu:COMPLETE_TEXT
62,hetongxue__yt_Pgk1G6KIjIo,hetongxue,FULL_SPOKEN,HIGH,views,YES_UNSAMPLED,https://www.youtube.com/watch?v=Pgk1G6KIjIo,/workspace/AI_Media_Matrix/01_benchmark/creator_full_corpus/_aggregate/b2_scale/oral/hetongxue/Pgk1G6KIjIo.spoken.txt,f1a2cf1253396f07483beb5a822a13328135a8623bbcf8bc63416c19fc383fe7,【何同学】我们做了条流水线……,20240123,621156,24342,370,youtube,hetongxue:FULL_SPOKEN
63,xiaolin_shuo__tt_7540737023724798516,xiaolin_shuo,COMPLETE_TEXT,HIGH,likes_or_chars,N/A_TEXT,https://www.toutiao.com/article/7540737023724798516/,/workspace/AI_Media_Matrix/01_benchmark/creator_full_corpus/xiaolin_shuo/transcripts/7540737023724798516.txt,4a001d14b554f458b88a68d1ed9c5b0802388e5f72c9e5b9e0121ee67a5e4e22,期货，为什么总是拉爆债市、股市、油价？ 资本世界的多空大战有多凶残...,NULL,0,467,11103,toutiao,xiaolin_shuo:COMPLETE_TEXT
64,wushi_caijing__yt_3iqRj_t-Yjg,wushi_caijing,FULL_SPOKEN,MEDIAN,views,YES_UNSAMPLED,https://www.youtube.com/watch?v=3iqRj_t-Yjg,/workspace/AI_Media_Matrix/01_benchmark/creator_full_corpus/_aggregate/b2_scale/oral/wushi_caijing/3iqRj_t-Yjg.spoken.txt,0267ab24ad47e96d4618d2be7b81e298520e162d883da53bba2bf4a58aeb83bc,【巫师】扒一扒邹市明冉莹颖经济链，今年内娱最成功的操盘,20260717,11616,124,1808,youtube,wushi_caijing:FULL_SPOKEN
65,xiaolin_shuo__yt_HeVuAKDtWX8,xiaolin_shuo,FULL_SPOKEN,HIGH,views,NO,https://www.youtube.com/watch?v=HeVuAKDtWX8,/workspace/AI_Media_Matrix/01_benchmark/creator_full_corpus/_aggregate/b2_scale/oral/xiaolin_shuo/HeVuAKDtWX8.spoken.txt,8f7d28ae67d8ca79af172e3fe38d4ee41976d58fac01db3cf27d4444df77137e,伊朗战争，和全球能源格局,20260324,1803336,40942,7350,youtube,xiaolin_shuo:FULL_SPOKEN
66,banfo_xianren__tt_7657508745290727936,banfo_xianren,COMPLETE_TEXT,HIGH,likes_or_chars,N/A_TEXT,https://www.toutiao.com/article/7657508745290727936/,/workspace/AI_Media_Matrix/01_benchmark/creator_full_corpus/banfo_xianren/transcripts/7657508745290727936.txt,796a356a5f055ae0551eeefe1386e0574b6c91ea11ee4227cf70a08ab04dd9de,春秋航空，看到这个要做噩梦,2026-07-01 10:46,0,426,1744,toutiao,banfo_xianren:COMPLETE_TEXT
67,bidu__yt_c42HanmviN4,bidu,FULL_SPOKEN,HIGH,views,YES_UNSAMPLED,https://www.youtube.com/watch?v=c42HanmviN4,/workspace/AI_Media_Matrix/01_benchmark/creator_full_corpus/_aggregate/b2_scale/oral/bidu/c42HanmviN4.spoken.txt,4c37fb316e082a0ec6a1e019869e2049459ce2f640e71340851c879df39983c5,如何端水不洒？99%的人都不知道这个技巧！ #Science #科普 #物理 #physics #知識分享 #酒 #drinks,20260502,161977,3523,479,youtube,bidu:FULL_SPOKEN
68,wenyifei_jijiu__tt_7638444759417192960,wenyifei_jijiu,COMPLETE_TEXT,HIGH,likes_or_chars,N/A_TEXT,https://www.toutiao.com/article/7638444759417192960/,/workspace/AI_Media_Matrix/01_benchmark/creator_full_corpus/wenyifei_jijiu/transcripts/7638444759417192960.txt,3b140ed89bdf8bc547f32fdb2e1fca06372a5dc68b5740183266ce221b5a1149,前阵子疯换美元的人，现在集体傻眼！人民币突破6.8，外贸还炸了,2026-05-11 01:55,0,1082,2109,toutiao,wenyifei_jijiu:COMPLETE_TEXT
69,hetongxue__yt_yNoWMaOyWHY,hetongxue,FULL_SPOKEN,HIGH,views,NO,https://www.youtube.com/watch?v=yNoWMaOyWHY,/workspace/AI_Media_Matrix/01_benchmark/creator_full_corpus/_aggregate/b2_scale/oral/hetongxue/yNoWMaOyWHY.spoken.txt,a01a1295de8008bc96db24b119f2440f62e75c38b37807334b7a87d9790ab52a,【何同学】我们做了一个中文打字机...,20230327,555558,18244,2705,youtube,hetongxue:FULL_SPOKEN
70,xiaolin_shuo__tt_7453058494875353639,xiaolin_shuo,COMPLETE_TEXT,HIGH,likes_or_chars,N/A_TEXT,https://www.toutiao.com/article/7453058494875353639/,/workspace/AI_Media_Matrix/01_benchmark/creator_full_corpus/xiaolin_shuo/transcripts/7453058494875353639.txt,3cd175b43d6f99eac55d71f7a1cc4eaaadeac6841c3acaf9ce946f9446d40cb0,【年度总结】一口气了解2024年的全球经济,1735300463,0,438,3828,toutiao,xiaolin_shuo:COMPLETE_TEXT
71,wushi_caijing__yt_RGQw5kllquE,wushi_caijing,FULL_SPOKEN,CONTROL,views,YES_UNSAMPLED,https://www.youtube.com/watch?v=RGQw5kllquE,/workspace/AI_Media_Matrix/01_benchmark/creator_full_corpus/_aggregate/b2_scale/oral/wushi_caijing/RGQw5kllquE.spoken.txt,877379a2598d4e5d948f0f64317db001e9f04bbe5d1ad7fc9b8d26892198a97f,【巫师】网红与资本EP.15，咪蒙的坍塌和重启+水库欧神开头,20220827,11409,77,800,youtube,wushi_caijing:FULL_SPOKEN
72,xiaolin_shuo__yt_eoa3OAmEaQw,xiaolin_shuo,FULL_SPOKEN,HIGH,views,NO,https://www.youtube.com/watch?v=eoa3OAmEaQw,/workspace/AI_Media_Matrix/01_benchmark/creator_full_corpus/_aggregate/b2_scale/oral/xiaolin_shuo/eoa3OAmEaQw.spoken.txt,b669c9fa42158cf181d1b6e69ef31be9cc2bfe144d4b93b926d00ce215a92b30,日元历史性加息，意味着什么？,20240420,1770083,30128,4361,youtube,xiaolin_shuo:FULL_SPOKEN
73,banfo_xianren__tt_7582920802748678662,banfo_xianren,COMPLETE_TEXT,HIGH,likes_or_chars,N/A_TEXT,https://www.toutiao.com/article/7582920802748678662/,/workspace/AI_Media_Matrix/01_benchmark/creator_full_corpus/banfo_xianren/transcripts/7582920802748678662.txt,88d352b908321f0539480dd7191d51b8cdacec7ef53a162de15c491302d01393,指望开民宿赚大钱属于吃了毒蘑菇,2025-12-12 10:48,0,420,6052,toutiao,banfo_xianren:COMPLETE_TEXT
74,bidu__yt_zT2KVPl7mOo,bidu,FULL_SPOKEN,HIGH,views,YES_UNSAMPLED,https://www.youtube.com/watch?v=zT2KVPl7mOo,/workspace/AI_Media_Matrix/01_benchmark/creator_full_corpus/_aggregate/b2_scale/oral/bidu/zT2KVPl7mOo.spoken.txt,e0408f296ec94346b70729969ef8caa5420e3929f6e8b821492f2676c28cf4ac,让全网吵架的0.5×0.8，到底怎么算？#科学 #科普 #数学,20241013,159367,2569,645,youtube,bidu:FULL_SPOKEN
75,wenyifei_jijiu__tt_7633259181704872484,wenyifei_jijiu,COMPLETE_TEXT,HIGH,likes_or_chars,N/A_TEXT,https://www.toutiao.com/article/7633259181704872484/,/workspace/AI_Media_Matrix/01_benchmark/creator_full_corpus/wenyifei_jijiu/transcripts/7633259181704872484.txt,949315002baf14b0305ec815289f1684a8843993c7cece8f7fabd1b2642da4b8,99位亿万富豪平均寿命仅64.7岁！比全国人均少活15年，你还羡慕吗,2026-04-27 23:26,0,829,2665,toutiao,wenyifei_jijiu:COMPLETE_TEXT
76,hetongxue__yt_Xyi1qmpFUd0,hetongxue,FULL_SPOKEN,HIGH,views,NO,https://www.youtube.com/watch?v=Xyi1qmpFUd0,/workspace/AI_Media_Matrix/01_benchmark/creator_full_corpus/_aggregate/b2_scale/oral/hetongxue/Xyi1qmpFUd0.spoken.txt,4bd77e775b65c545f8cc4079cf39ea61525be39a06ec77f6d5959b32d04bcf94,【何同學】不用電，你能把一張A4紙扔多遠？,20240408,480386,10298,2321,youtube,hetongxue:FULL_SPOKEN
77,xiaolin_shuo__tt_7527917229145506339,xiaolin_shuo,COMPLETE_TEXT,HIGH,likes_or_chars,N/A_TEXT,https://www.toutiao.com/article/7527917229145506339/,/workspace/AI_Media_Matrix/01_benchmark/creator_full_corpus/xiaolin_shuo/transcripts/7527917229145506339.txt,b38acec9fa0ef0d5b9e6ad458c6db56f085055418f0e1787bdbfa6794e7b9389,一口气了解稳定币,NULL,0,390,10582,toutiao,xiaolin_shuo:COMPLETE_TEXT
78,wushi_caijing__yt_niH8ltShIQs,wushi_caijing,FULL_SPOKEN,CONTROL,views,YES_UNSAMPLED,https://www.youtube.com/watch?v=niH8ltShIQs,/workspace/AI_Media_Matrix/01_benchmark/creator_full_corpus/_aggregate/b2_scale/oral/wushi_caijing/niH8ltShIQs.spoken.txt,7f6db1a5e0ea684ef87eb86ec33db9e1aee6be24c72c02b06ccb239db2bd5f4a,【巫师】男色经济02：恋与深空大瓜的背后，乙女产业的金矿,20260701,11307,186,767,youtube,wushi_caijing:FULL_SPOKEN
79,xiaolin_shuo__yt_l38ceFOWOAE,xiaolin_shuo,FULL_SPOKEN,HIGH,views,NO,https://www.youtube.com/watch?v=l38ceFOWOAE,/workspace/AI_Media_Matrix/01_benchmark/creator_full_corpus/_aggregate/b2_scale/oral/xiaolin_shuo/l38ceFOWOAE.spoken.txt,c15cb1cec146800a0a8aa149036926968dfcfe8990df43a760d8003bb2caf5a2,王健林现在怎么样了? 万达什么情况?,20260810,1707053,18892,7400,youtube,xiaolin_shuo:FULL_SPOKEN
80,banfo_xianren__tt_7593658841254887942,banfo_xianren,COMPLETE_TEXT,HIGH,likes_or_chars,N/A_TEXT,https://www.toutiao.com/article/7593658841254887942/,/workspace/AI_Media_Matrix/01_benchmark/creator_full_corpus/banfo_xianren/transcripts/7593658841254887942.txt,6f572e8806f166b4c651c3d9237095293afa500ae381f86834a5e28187f87933,我是怎么苟活到今天的？,2026-01-10 09:16,0,368,2783,toutiao,banfo_xianren:COMPLETE_TEXT
81,bidu__yt_kHq0zFixGYQ,bidu,FULL_SPOKEN,HIGH,views,YES_UNSAMPLED,https://www.youtube.com/watch?v=kHq0zFixGYQ,/workspace/AI_Media_Matrix/01_benchmark/creator_full_corpus/_aggregate/b2_scale/oral/bidu/kHq0zFixGYQ.spoken.txt,b770c13958216022b70e0a168a040a0a0489215dcd8db9884cda2981ece2d1ba,闪光灯能隔空敲响铁盆！？？⚡窝 要 验 盆⚡#science #知識分享 #弹性波 #光声效应,20260313,157017,3041,313,youtube,bidu:FULL_SPOKEN
82,wenyifei_jijiu__tt_7650769620659438130,wenyifei_jijiu,COMPLETE_TEXT,HIGH,likes_or_chars,N/A_TEXT,https://www.toutiao.com/article/7650769620659438130/,/workspace/AI_Media_Matrix/01_benchmark/creator_full_corpus/wenyifei_jijiu/transcripts/7650769620659438130.txt,1e2927ddaeaa6da82ea327b3bb6b132370865e573f1937efb561d54520b15e1e,HDC揭秘鸿蒙飞轮效应：鸿蒙生态的抢跑者，能吃到多大红利？,2026-06-13 07:34,0,623,3107,toutiao,wenyifei_jijiu:COMPLETE_TEXT
83,hetongxue__yt_hFZ1CsQulmw,hetongxue,FULL_SPOKEN,HIGH,views,NO,https://www.youtube.com/watch?v=hFZ1CsQulmw,/workspace/AI_Media_Matrix/01_benchmark/creator_full_corpus/_aggregate/b2_scale/oral/hetongxue/hFZ1CsQulmw.spoken.txt,0e5fdaf32bc9e621f79a656b7e99413cb8846bc5e32dae6d8e9417e61e9ef01e,【何同學】為了不用倒垃圾，我們做了這個...,20250721,436363,14245,877,youtube,hetongxue:FULL_SPOKEN
84,xiaolin_shuo__tt_7551031874429960746,xiaolin_shuo,COMPLETE_TEXT,HIGH,likes_or_chars,N/A_TEXT,https://www.toutiao.com/article/7551031874429960746/,/workspace/AI_Media_Matrix/01_benchmark/creator_full_corpus/xiaolin_shuo/transcripts/7551031874429960746.txt,d1cea23006cf9e8d3f54d6530bbc1d42b7e7bdc15a5e59797781bf39c92bcf48,一口气了解伊朗经济,NULL,0,390,12505,toutiao,xiaolin_shuo:COMPLETE_TEXT
85,wushi_caijing__yt_O3CbrwqPVMc,wushi_caijing,FULL_SPOKEN,CONTROL,views,YES_UNSAMPLED,https://www.youtube.com/watch?v=O3CbrwqPVMc,/workspace/AI_Media_Matrix/01_benchmark/creator_full_corpus/_aggregate/b2_scale/oral/wushi_caijing/O3CbrwqPVMc.spoken.txt,81fbbf7896754727cdcb710f270b1e5050ec4e1d5fb68949ec2a70261a711cc9,【巫师】晚晚的资本化路径,20220908,10043,63,1567,youtube,wushi_caijing:FULL_SPOKEN
86,xiaolin_shuo__yt_wpb-DrbhEiY,xiaolin_shuo,FULL_SPOKEN,HIGH,views,NO,https://www.youtube.com/watch?v=wpb-DrbhEiY,/workspace/AI_Media_Matrix/01_benchmark/creator_full_corpus/_aggregate/b2_scale/oral/xiaolin_shuo/wpb-DrbhEiY.spoken.txt,a30f5aba01d31064b348684c0a402ca1fcb1d356e23e69ffc49f84a92773ad94,SpaceX上市，背后在玩什么资本游戏?,20260612,1579925,31090,7447,youtube,xiaolin_shuo:FULL_SPOKEN
87,banfo_xianren__tt_6994023355280196135,banfo_xianren,COMPLETE_TEXT,HIGH,likes_or_chars,N/A_TEXT,https://www.toutiao.com/article/6994023355280196135/,/workspace/AI_Media_Matrix/01_benchmark/creator_full_corpus/banfo_xianren/transcripts/6994023355280196135.txt,4599148b4ff1cf97b04146edf84cd1a929c1dc752b4b9c047a9cae03c84d9bcb,全裸战神扒了酒店的大裤衩,2021-08-08 12:01,0,345,2698,toutiao,banfo_xianren:COMPLETE_TEXT
88,bidu__yt_Go2l9Gc8LOs,bidu,FULL_SPOKEN,HIGH,views,YES_UNSAMPLED,https://www.youtube.com/watch?v=Go2l9Gc8LOs,/workspace/AI_Media_Matrix/01_benchmark/creator_full_corpus/_aggregate/b2_scale/oral/bidu/Go2l9Gc8LOs.spoken.txt,4813aebfc52e41ed9514599c463ef70b53eb4334df03deb2a4e3da445aac2878,学渣的绝地求生！如何快速肝出一篇优秀的学术论文？丨毕导THU,20200508,147857,5794,393,youtube,bidu:FULL_SPOKEN
89,wenyifei_jijiu__tt_7166519124091339304,wenyifei_jijiu,COMPLETE_TEXT,HIGH,likes_or_chars,N/A_TEXT,https://www.toutiao.com/article/7166519124091339304/,/workspace/AI_Media_Matrix/01_benchmark/creator_full_corpus/wenyifei_jijiu/transcripts/7166519124091339304.txt,8bc715ae57fa297bc2a2b26d8bf68de8af5c223537b0d6f8e5d46595c985ef6b,你的工资够你在ICU里住几天？在中国看病到底贵不贵？,2022-11-16 08:47,0,430,2952,toutiao,wenyifei_jijiu:COMPLETE_TEXT
90,hetongxue__yt_u4HduR9I--I,hetongxue,FULL_SPOKEN,HIGH,views,NO,https://www.youtube.com/watch?v=u4HduR9I--I,/workspace/AI_Media_Matrix/01_benchmark/creator_full_corpus/_aggregate/b2_scale/oral/hetongxue/u4HduR9I--I.spoken.txt,e80a1e5ddb74c80aa2d98a30c8b2b08983e4034f44bb53fd190ec5d57dd8a7f1,【何同學】你再也回不到19歲的夏天了...,20240812,363548,10029,3761,youtube,hetongxue:FULL_SPOKEN
91,xiaolin_shuo__tt_7533496531811549759,xiaolin_shuo,COMPLETE_TEXT,HIGH,likes_or_chars,N/A_TEXT,https://www.toutiao.com/article/7533496531811549759/,/workspace/AI_Media_Matrix/01_benchmark/creator_full_corpus/xiaolin_shuo/transcripts/7533496531811549759.txt,ccf72efa8cfb324e1927970b80a6bc0b9d0604297354a6b8ea22dcadb74c6cb6,什么是金融产品之王? 它背后又有什么秘密?,NULL,0,325,10167,toutiao,xiaolin_shuo:COMPLETE_TEXT
92,wushi_caijing__yt_-McZ6nbGRUM,wushi_caijing,FULL_SPOKEN,CONTROL,views,YES_UNSAMPLED,https://www.youtube.com/watch?v=-McZ6nbGRUM,/workspace/AI_Media_Matrix/01_benchmark/creator_full_corpus/_aggregate/b2_scale/oral/wushi_caijing/-McZ6nbGRUM.spoken.txt,9a93991aadc558cecee42deb8361a61103fb104ead051a16e2e5263749ef598b,Why invest China爱国的美国人应该投资中国股市 follow me on douyin #douyin #tiktok #tiktokrefugee,20250117,9454,148,697,youtube,wushi_caijing:FULL_SPOKEN
93,xiaolin_shuo__yt_KosgUhdAL5w,xiaolin_shuo,FULL_SPOKEN,HIGH,views,NO,https://www.youtube.com/watch?v=KosgUhdAL5w,/workspace/AI_Media_Matrix/01_benchmark/creator_full_corpus/_aggregate/b2_scale/oral/xiaolin_shuo/KosgUhdAL5w.spoken.txt,ec9098354505eeea1a1bddd0f2467f1690a6f788695489079a566cca02a69386,聊聊我是怎么赚钱的 | 我们的团队,20250204,1462955,52599,5364,youtube,xiaolin_shuo:FULL_SPOKEN
94,banfo_xianren__tt_7658981659257078318,banfo_xianren,COMPLETE_TEXT,HIGH,likes_or_chars,N/A_TEXT,https://www.toutiao.com/article/7658981659257078318/,/workspace/AI_Media_Matrix/01_benchmark/creator_full_corpus/banfo_xianren/transcripts/7658981659257078318.txt,7e04f5ab38287b74f0c67bceb395405815acc4b9e8be01cdce0c62d3fe72842a,输给LV要赔1000万？茉莉奶白快笑疯了,2026-07-05 10:05,0,281,1076,toutiao,banfo_xianren:COMPLETE_TEXT
95,bidu__yt_j5D6eqTWKls,bidu,FULL_SPOKEN,HIGH,views,YES_UNSAMPLED,https://www.youtube.com/watch?v=j5D6eqTWKls,/workspace/AI_Media_Matrix/01_benchmark/creator_full_corpus/_aggregate/b2_scale/oral/bidu/j5D6eqTWKls.spoken.txt,f76c6af294c44170bb6e6f8d362fc6afead63b0a130f2501a9dc0346cdca9091,一斤水能浮起十斤木头？答对了你就是阿基米德 #Science #科普 #阿基米德 #浮力,20260414,120397,1560,809,youtube,bidu:FULL_SPOKEN
96,wenyifei_jijiu__tt_7155739880499692040,wenyifei_jijiu,COMPLETE_TEXT,HIGH,likes_or_chars,N/A_TEXT,https://www.toutiao.com/article/7155739880499692040/,/workspace/AI_Media_Matrix/01_benchmark/creator_full_corpus/wenyifei_jijiu/transcripts/7155739880499692040.txt,3afc0d59c639b828e8ba7cf44cfb622402a6d72ca5c34ddd2e176744b6ea0bc1,为什么高考英语不可能取消？国家要求学英语背后的原因是什么？,2022-10-18 07:03,0,419,3292,toutiao,wenyifei_jijiu:COMPLETE_TEXT
97,hetongxue__yt_abxKhFjGB88,hetongxue,FULL_SPOKEN,HIGH,views,NO,https://www.youtube.com/watch?v=abxKhFjGB88,/workspace/AI_Media_Matrix/01_benchmark/creator_full_corpus/_aggregate/b2_scale/oral/hetongxue/abxKhFjGB88.spoken.txt,a489acc461280f85e0277339969b3bbc7d59f3b93c82a0f9bea54eb1162226ac,【何同學】不煞車，你能把車飛多遠？（Super也好君解說版）,20241016,316717,6896,4347,youtube,hetongxue:FULL_SPOKEN
98,xiaolin_shuo__tt_7602231271872135680,xiaolin_shuo,COMPLETE_TEXT,HIGH,likes_or_chars,N/A_TEXT,https://www.toutiao.com/article/7602231271872135680/,/workspace/AI_Media_Matrix/01_benchmark/creator_full_corpus/xiaolin_shuo/transcripts/7602231271872135680.txt,6ad16d023991e42d1ffff82d2d26e5da4f9176a470e1e3daf8e7eb5ab4458806,坐拥金山，却变成人间炼狱，委内瑞拉到底经历了什么?,NULL,0,322,14669,toutiao,xiaolin_shuo:COMPLETE_TEXT
99,wushi_caijing__yt_YCd5BtOLMfM,wushi_caijing,FULL_SPOKEN,CONTROL,views,NO,https://www.youtube.com/watch?v=YCd5BtOLMfM,/workspace/AI_Media_Matrix/01_benchmark/creator_full_corpus/_aggregate/b2_scale/oral/wushi_caijing/YCd5BtOLMfM.spoken.txt,0608730758bc2167cfec71609a67d47f4623217ec13156ea5dd4b04102adde67,【巫师】中国压根就不存在男女对立，集美Sunshine都是遮羞布,20260714,9433,141,1674,youtube,wushi_caijing:FULL_SPOKEN
100,xiaolin_shuo__yt_31FpW6CMmYE,xiaolin_shuo,FULL_SPOKEN,HIGH,views,NO,https://www.youtube.com/watch?v=31FpW6CMmYE,/workspace/AI_Media_Matrix/01_benchmark/creator_full_corpus/_aggregate/b2_scale/oral/xiaolin_shuo/31FpW6CMmYE.spoken.txt,02a91a78c1ad7c01462dc7187ffca8ad4a9709349b728fecdf787db0438365bb,一口气了解全球十大主权基金,20250302,1462631,26435,8540,youtube,xiaolin_shuo:FULL_SPOKEN
101,banfo_xianren__tt_7587001194002924084,banfo_xianren,COMPLETE_TEXT,HIGH,likes_or_chars,N/A_TEXT,https://www.toutiao.com/article/7587001194002924084/,/workspace/AI_Media_Matrix/01_benchmark/creator_full_corpus/banfo_xianren/transcripts/7587001194002924084.txt,b7c04b504837f31cbcba009dc16a157257027db13a7b2055fc30683b60739720,今日头条真是敢啊,2025-12-23 10:40,0,255,2763,toutiao,banfo_xianren:COMPLETE_TEXT
102,bidu__yt_Y_rThz_v6e8,bidu,FULL_SPOKEN,HIGH,views,YES_UNSAMPLED,https://www.youtube.com/watch?v=Y_rThz_v6e8,/workspace/AI_Media_Matrix/01_benchmark/creator_full_corpus/_aggregate/b2_scale/oral/bidu/Y_rThz_v6e8.spoken.txt,dbfb0438f49308a8e1e6ae65c8e8628b67678e6c547e004e9e3085dd0416dac7,世界上一半的人每天看见这个现象，却不知道为什么🧐#科普 #科普一下 #知识 #知识分享 #冷知识 #知识科普 #百科密码 #百科 #物理 #知識分享 #科學揭秘 #科學,20260917,120383,1026,543,youtube,bidu:FULL_SPOKEN
103,wenyifei_jijiu__tt_7442510352769745460,wenyifei_jijiu,COMPLETE_TEXT,HIGH,likes_or_chars,N/A_TEXT,https://www.toutiao.com/article/7442510352769745460/,/workspace/AI_Media_Matrix/01_benchmark/creator_full_corpus/wenyifei_jijiu/transcripts/7442510352769745460.txt,f87d91f4a60b1cb7a16ba0757980d0d02cda2912e4321e48d29fc4c61a2540a4,老房子该怎么办？看完清清楚楚,2024-11-29 01:58,0,387,2012,toutiao,wenyifei_jijiu:COMPLETE_TEXT
104,hetongxue__yt_fIY9bid-WNQ,hetongxue,FULL_SPOKEN,HIGH,views,NO,https://www.youtube.com/watch?v=fIY9bid-WNQ,/workspace/AI_Media_Matrix/01_benchmark/creator_full_corpus/_aggregate/b2_scale/oral/hetongxue/fIY9bid-WNQ.spoken.txt,3c32b29ae116409da6730c1a4e0892c19f6d5ad70462571630984d7654ec9e45,為了讓大家多喝水，我把茶水吧改成了遊戲廳…,20240827,304433,4539,892,youtube,hetongxue:FULL_SPOKEN
105,xiaolin_shuo__tt_7588238244882481664,xiaolin_shuo,COMPLETE_TEXT,HIGH,likes_or_chars,N/A_TEXT,https://www.toutiao.com/article/7588238244882481664/,/workspace/AI_Media_Matrix/01_benchmark/creator_full_corpus/xiaolin_shuo/transcripts/7588238244882481664.txt,a84b80cb4aa11241dee47bdfdaaddca549c5c9c7472553a6b022c8bc90ae6ff5,"""十五五"" 规划里，藏了什么重点？",NULL,0,313,4254,toutiao,xiaolin_shuo:COMPLETE_TEXT
106,wushi_caijing__yt_4_PMRl9I0R4,wushi_caijing,FULL_SPOKEN,CONTROL,views,YES_UNSAMPLED,https://www.youtube.com/watch?v=4_PMRl9I0R4,/workspace/AI_Media_Matrix/01_benchmark/creator_full_corpus/_aggregate/b2_scale/oral/wushi_caijing/4_PMRl9I0R4.spoken.txt,a90b0fd4f5eeda38eadce6aecdf95a1710d1a8775b9720fefcc5c92046c43004,【巫师】抽象文化：起高楼,20220905,9141,75,705,youtube,wushi_caijing:FULL_SPOKEN
107,xiaolin_shuo__yt_OcKl98ZQbMQ,xiaolin_shuo,FULL_SPOKEN,HIGH,views,NO,https://www.youtube.com/watch?v=OcKl98ZQbMQ,/workspace/AI_Media_Matrix/01_benchmark/creator_full_corpus/_aggregate/b2_scale/oral/xiaolin_shuo/OcKl98ZQbMQ.spoken.txt,de1f3a7c42e9b9f6fe8edb3f4c7546611f017b4906a35b4507306e9313ff3f80,AI巨头们之间的资本混战，到底是个什么情况？,20260701,1439111,29585,6726,youtube,xiaolin_shuo:FULL_SPOKEN
108,banfo_xianren__tt_6789454855401374221,banfo_xianren,COMPLETE_TEXT,HIGH,likes_or_chars,N/A_TEXT,https://www.toutiao.com/article/6789454855401374221/,/workspace/AI_Media_Matrix/01_benchmark/creator_full_corpus/banfo_xianren/transcripts/6789454855401374221.txt,11ee79cfdbf326245c6064667fa98b2968520609ece11dab8dee88f30fb7252d,瑞幸是如何暴打资本主义的,2020-02-04 05:12,0,254,4564,toutiao,banfo_xianren:COMPLETE_TEXT
109,bidu__yt_-ZBxFmVquvg,bidu,FULL_SPOKEN,HIGH,views,YES_UNSAMPLED,https://www.youtube.com/watch?v=-ZBxFmVquvg,/workspace/AI_Media_Matrix/01_benchmark/creator_full_corpus/_aggregate/b2_scale/oral/bidu/-ZBxFmVquvg.spoken.txt,a1342d936ece7a848f53553f614b96d984f7a6188fd877a5c5551a07a3e2dcd7,决定论的终结：小球、穹顶与牛顿第四定律,20240109,112804,2144,270,youtube,bidu:FULL_SPOKEN
110,wenyifei_jijiu__tt_7651452460669714950,wenyifei_jijiu,COMPLETE_TEXT,HIGH,likes_or_chars,N/A_TEXT,https://www.toutiao.com/article/7651452460669714950/,/workspace/AI_Media_Matrix/01_benchmark/creator_full_corpus/wenyifei_jijiu/transcripts/7651452460669714950.txt,8087126755390b04ef1d8f847998c55b12640c016d4fa006804f46571500e032,日本支柱产业宣布停产！中国这一刀，砍在了日本右翼大动脉上,2026-06-17 01:06,0,365,2583,toutiao,wenyifei_jijiu:COMPLETE_TEXT
111,hetongxue__yt_SfKXHCJDGKM,hetongxue,FULL_SPOKEN,HIGH,views,YES_UNSAMPLED,https://www.youtube.com/watch?v=SfKXHCJDGKM,/workspace/AI_Media_Matrix/01_benchmark/creator_full_corpus/_aggregate/b2_scale/oral/hetongxue/SfKXHCJDGKM.spoken.txt,5b6903822608bc69761544da2c678622bc70d9fbf7fc850c7f29b0f01d2077b1,【何同学】我用108天开了个灯......,20230406,297359,8542,262,youtube,hetongxue:FULL_SPOKEN
112,xiaolin_shuo__tt_7433587294713479692,xiaolin_shuo,COMPLETE_TEXT,HIGH,likes_or_chars,N/A_TEXT,https://www.toutiao.com/article/7433587294713479692/,/workspace/AI_Media_Matrix/01_benchmark/creator_full_corpus/xiaolin_shuo/transcripts/7433587294713479692.txt,74f84bb084872e168bb23ee13318c1dd58e44e079163315bc2f35701000f5f21,【美国大选】特朗普 vs 哈里斯 经济政策有什么不一样？,2024-11-05 00:35,0,313,5289,toutiao,xiaolin_shuo:COMPLETE_TEXT
113,wushi_caijing__yt_c6N1zdE9b5o,wushi_caijing,FULL_SPOKEN,CONTROL,views,YES_UNSAMPLED,https://www.youtube.com/watch?v=c6N1zdE9b5o,/workspace/AI_Media_Matrix/01_benchmark/creator_full_corpus/_aggregate/b2_scale/oral/wushi_caijing/c6N1zdE9b5o.spoken.txt,c81d15227a119f1d422a92fad3eebbba13689a0d6369e1e101fc94ac5322dec8,【巫师】审丑文化罗玉凤的崩塌和杀马特的群体失序,20220903,9118,61,1168,youtube,wushi_caijing:FULL_SPOKEN
114,xiaolin_shuo__yt_SdZ-hvVdFTk,xiaolin_shuo,FULL_SPOKEN,HIGH,views,NO,https://www.youtube.com/watch?v=SdZ-hvVdFTk,/workspace/AI_Media_Matrix/01_benchmark/creator_full_corpus/_aggregate/b2_scale/oral/xiaolin_shuo/SdZ-hvVdFTk.spoken.txt,9729b54b5db1870be407eb8b8e6486d3203c73eb27ed8ef7b4afff3301b74c9d,美元暴跌的背后...,20251012,1394895,34406,7368,youtube,xiaolin_shuo:FULL_SPOKEN
115,banfo_xianren__tt_7316465318560334377,banfo_xianren,COMPLETE_TEXT,HIGH,likes_or_chars,N/A_TEXT,https://www.toutiao.com/article/7316465318560334377/,/workspace/AI_Media_Matrix/01_benchmark/creator_full_corpus/banfo_xianren/transcripts/7316465318560334377.txt,00c5dda8a2e4c095de3b3a973545dbbad27a710fad6276a935a06628e35f276b,天地壹号，中年人最后的体面,2023-12-25 09:44,0,248,2497,toutiao,banfo_xianren:COMPLETE_TEXT
116,bidu__yt_pcche0Vkefg,bidu,FULL_SPOKEN,HIGH,views,YES_UNSAMPLED,https://www.youtube.com/watch?v=pcche0Vkefg,/workspace/AI_Media_Matrix/01_benchmark/creator_full_corpus/_aggregate/b2_scale/oral/bidu/pcche0Vkefg.spoken.txt,6872e1374725416f410cf748c6845f681710a91760e52b8488d5d44c8a96b792,为什么水可以很滑滑，也可以很涩涩？👀#知識分享 #science #物理 #百科密码 #experiment #科學揭秘 #科普 #physics #冷知識 #knowledge #water #化学,20260618,107825,1949,843,youtube,bidu:FULL_SPOKEN
117,wenyifei_jijiu__tt_7595030845858824742,wenyifei_jijiu,COMPLETE_TEXT,HIGH,likes_or_chars,N/A_TEXT,https://www.toutiao.com/article/7595030845858824742/,/workspace/AI_Media_Matrix/01_benchmark/creator_full_corpus/wenyifei_jijiu/transcripts/7595030845858824742.txt,4359effb1582829d3ce3e32f21cd8df3a2e51883929dcb66f9b6e8dd7c93bfb0,“老登”经济，为什么割不动了？,2026-01-14 02:32,0,341,1323,toutiao,wenyifei_jijiu:COMPLETE_TEXT
118,hetongxue__yt_bxm-Gt00-R4,hetongxue,FULL_SPOKEN,HIGH,views,NO,https://www.youtube.com/watch?v=bxm-Gt00-R4,/workspace/AI_Media_Matrix/01_benchmark/creator_full_corpus/_aggregate/b2_scale/oral/hetongxue/bxm-Gt00-R4.spoken.txt,dbdaac401a95f4e1ae2daea7cf05f8b5f6011871677eaeb91efabe3c6a4e8f20,我們做了一台魔法鋼琴...,20260110,257096,18958,3555,youtube,hetongxue:FULL_SPOKEN
119,xiaolin_shuo__tt_7472602231489954338,xiaolin_shuo,COMPLETE_TEXT,MEDIAN,likes_or_chars,N/A_TEXT,https://www.toutiao.com/article/7472602231489954338/,/workspace/AI_Media_Matrix/01_benchmark/creator_full_corpus/xiaolin_shuo/transcripts/7472602231489954338.txt,1226503a393a943e064c8f920c68111b331a181bf10f01189df2c95ccef8b8cc,一口气了解关税,2025-02-18 03:53,0,309,10373,toutiao,xiaolin_shuo:COMPLETE_TEXT
120,wushi_caijing__yt_SyTFGv3J03Q,wushi_caijing,FULL_SPOKEN,CONTROL,views,YES_UNSAMPLED,https://www.youtube.com/watch?v=SyTFGv3J03Q,/workspace/AI_Media_Matrix/01_benchmark/creator_full_corpus/_aggregate/b2_scale/oral/wushi_caijing/SyTFGv3J03Q.spoken.txt,d1b8658e47545a7899b69c216fad0eb2adda3c185d29d40e26317b6b35a649b0,【巫师】杀马特的落幕和抽象文化起源,20220904,8999,76,2263,youtube,wushi_caijing:FULL_SPOKEN
121,xiaolin_shuo__yt_n7s5bWD4_mA,xiaolin_shuo,FULL_SPOKEN,MEDIAN,views,NO,https://www.youtube.com/watch?v=n7s5bWD4_mA,/workspace/AI_Media_Matrix/01_benchmark/creator_full_corpus/_aggregate/b2_scale/oral/xiaolin_shuo/n7s5bWD4_mA.spoken.txt,0e973e2235c9c67df43ccaf837a771fe3a0e110c8d2281d3897fda7a2ab5deb6,乐高到底靠什么赚了这么多钱?,20241201,1342260,24878,8012,youtube,xiaolin_shuo:FULL_SPOKEN
122,banfo_xianren__tt_6842165596969239043,banfo_xianren,COMPLETE_TEXT,HIGH,likes_or_chars,N/A_TEXT,https://www.toutiao.com/article/6842165596969239043/,/workspace/AI_Media_Matrix/01_benchmark/creator_full_corpus/banfo_xianren/transcripts/6842165596969239043.txt,9f4bc4e34bb49cf0c351bf5b17d13fb55b365ebd4939f24679eacf3b867e97be,你的信用值几个钱,2020-06-25 06:17,0,223,4628,toutiao,banfo_xianren:COMPLETE_TEXT
123,bidu__yt_v1HBH8UnEgs,bidu,FULL_SPOKEN,HIGH,views,YES_UNSAMPLED,https://www.youtube.com/watch?v=v1HBH8UnEgs,/workspace/AI_Media_Matrix/01_benchmark/creator_full_corpus/_aggregate/b2_scale/oral/bidu/v1HBH8UnEgs.spoken.txt,7c1b1beae16d1bc6ccaa8f1296db2fa3e934344bebea5de66a51d41e1fb0cdc2,离谱，这也能发论文...? 第1期 #科普 #冷知识,20240725,88156,1824,414,youtube,bidu:FULL_SPOKEN
124,wenyifei_jijiu__tt_7654509089146159668,wenyifei_jijiu,COMPLETE_TEXT,HIGH,likes_or_chars,N/A_TEXT,https://www.toutiao.com/article/7654509089146159668/,/workspace/AI_Media_Matrix/01_benchmark/creator_full_corpus/wenyifei_jijiu/transcripts/7654509089146159668.txt,5c3b2f670f0847f1ae353155afcf7984ef54836b8b256c9fe0963c645d18ecc3,为什么赌球你赢不了？根本不需要做局，一个财富公式让你十赌九输,2026-06-23 08:46,0,297,2063,toutiao,wenyifei_jijiu:COMPLETE_TEXT
125,hetongxue__yt_y2sFXucB_64,hetongxue,FULL_SPOKEN,HIGH,views,YES_UNSAMPLED,https://www.youtube.com/watch?v=y2sFXucB_64,/workspace/AI_Media_Matrix/01_benchmark/creator_full_corpus/_aggregate/b2_scale/oral/hetongxue/y2sFXucB_64.spoken.txt,756d10a2a1935ebce0ba42b5727c6bdd32549fb5308501567fe449f2d234886c,【何同学】我找到了我最喜欢的数码产品，但是...,20230406,247762,6851,281,youtube,hetongxue:FULL_SPOKEN
126,xiaolin_shuo__tt_7437574854028689959,xiaolin_shuo,COMPLETE_TEXT,MEDIAN,likes_or_chars,N/A_TEXT,https://www.toutiao.com/article/7437574854028689959/,/workspace/AI_Media_Matrix/01_benchmark/creator_full_corpus/xiaolin_shuo/transcripts/7437574854028689959.txt,9b4f57799c9774d4e207b3785139c393119801fa210b2aed19b03bab1be55fb8,百年供应链，是如何一步一步进化的？,2024-11-15 18:32,0,297,7971,toutiao,xiaolin_shuo:COMPLETE_TEXT
127,wushi_caijing__yt_zzOHEVmO1N8,wushi_caijing,FULL_SPOKEN,CONTROL,views,YES_UNSAMPLED,https://www.youtube.com/watch?v=zzOHEVmO1N8,/workspace/AI_Media_Matrix/01_benchmark/creator_full_corpus/_aggregate/b2_scale/oral/wushi_caijing/zzOHEVmO1N8.spoken.txt,f0669fee42f77f9d00801c1bd8baff6c8e3a1982a166debb5e9209c80cb4618a,【巫师】抽象文化和晚学,20220907,8990,78,901,youtube,wushi_caijing:FULL_SPOKEN
128,xiaolin_shuo__yt_Lb60mjM5B1U,xiaolin_shuo,FULL_SPOKEN,MEDIAN,views,YES_UNSAMPLED,https://www.youtube.com/watch?v=Lb60mjM5B1U,/workspace/AI_Media_Matrix/01_benchmark/creator_full_corpus/_aggregate/b2_scale/oral/xiaolin_shuo/Lb60mjM5B1U.spoken.txt,95a5d13cd92d5e5498964bd7563e7cefa433c20cc302fae65edd3c1de40620a9,做自媒体6年了，我想说…,20260314,1232320,32256,709,youtube,xiaolin_shuo:FULL_SPOKEN
129,banfo_xianren__tt_7646378374860816959,banfo_xianren,COMPLETE_TEXT,HIGH,likes_or_chars,N/A_TEXT,https://www.toutiao.com/article/7646378374860816959/,/workspace/AI_Media_Matrix/01_benchmark/creator_full_corpus/banfo_xianren/transcripts/7646378374860816959.txt,8e838e31758675467294bc42a506b82592c85dbcc54c7c55cdf907cb9ba8713a,亚朵这是要跟偷拍摄像头拼了？,2026-06-01 10:55,0,188,1591,toutiao,banfo_xianren:COMPLETE_TEXT
130,bidu__yt_7AgJ6UrZtnY,bidu,FULL_SPOKEN,HIGH,views,YES_UNSAMPLED,https://www.youtube.com/watch?v=7AgJ6UrZtnY,/workspace/AI_Media_Matrix/01_benchmark/creator_full_corpus/_aggregate/b2_scale/oral/bidu/7AgJ6UrZtnY.spoken.txt,1122636b3952dce3c94597d1971ec620bbe8cd22eec8de0710a81c5a730e72b1,摇可乐会喷的真正原因，你可能错了十几年！#知識分享 #科學揭秘 #科學 #科普 #冷知識 #物理 #生活 #可乐 #知识分享 #知识百科 #科普一下,20260817,86557,1644,409,youtube,bidu:FULL_SPOKEN
131,wenyifei_jijiu__tt_7133096887921492512,wenyifei_jijiu,COMPLETE_TEXT,HIGH,likes_or_chars,N/A_TEXT,https://www.toutiao.com/article/7133096887921492512/,/workspace/AI_Media_Matrix/01_benchmark/creator_full_corpus/wenyifei_jijiu/transcripts/7133096887921492512.txt,12885add7c4bcd27c79eeb49342c7da4a2074e882d35ee7dfefcfd527c1d5624,不结婚不买房不生娃，真的可以爽翻吗？,2022-08-18 06:22,0,270,1889,toutiao,wenyifei_jijiu:COMPLETE_TEXT
132,hetongxue__yt_fW5yXno_4Hw,hetongxue,FULL_SPOKEN,HIGH,views,NO,https://www.youtube.com/watch?v=fW5yXno_4Hw,/workspace/AI_Media_Matrix/01_benchmark/creator_full_corpus/_aggregate/b2_scale/oral/hetongxue/fW5yXno_4Hw.spoken.txt,7ac34e75ffc64613e1c59aea5fe29cac07f49fa1442b24706cd9b886ffcfe1bf,普通人健身100天，變化有多大？,20260827,246396,1667,5399,youtube,hetongxue:FULL_SPOKEN
133,xiaolin_shuo__tt_7424948558089994806,xiaolin_shuo,COMPLETE_TEXT,MEDIAN,likes_or_chars,N/A_TEXT,https://www.toutiao.com/article/7424948558089994806/,/workspace/AI_Media_Matrix/01_benchmark/creator_full_corpus/xiaolin_shuo/transcripts/7424948558089994806.txt,c473300f1ef1275115ba8f4ba12b46459a7f489a0254b63df5da80af4cc0edee,央妈接连放大招 | 聊聊2024年央行整体的政策方向,2024-10-12 17:53,0,288,2462,toutiao,xiaolin_shuo:COMPLETE_TEXT
134,wushi_caijing__yt_5T7FRKcpbOg,wushi_caijing,FULL_SPOKEN,CONTROL,views,YES_UNSAMPLED,https://www.youtube.com/watch?v=5T7FRKcpbOg,/workspace/AI_Media_Matrix/01_benchmark/creator_full_corpus/_aggregate/b2_scale/oral/wushi_caijing/5T7FRKcpbOg.spoken.txt,e04f6a775eed54ef788ef628cd6136785818e57ab2ebd97cdd520d76811f3e4f,【巫师】审丑：芙蓉姐姐和罗玉凤的崛起,20220902,8436,56,716,youtube,wushi_caijing:FULL_SPOKEN
135,xiaolin_shuo__yt_AJLe1AEgz5M,xiaolin_shuo,FULL_SPOKEN,MEDIAN,views,NO,https://www.youtube.com/watch?v=AJLe1AEgz5M,/workspace/AI_Media_Matrix/01_benchmark/creator_full_corpus/_aggregate/b2_scale/oral/xiaolin_shuo/AJLe1AEgz5M.spoken.txt,908dd576c8c705b72292967ad80c88fb24dce3bcc40020d5987755b63dd57f6f,骗到国家差点破产?! 越南女首富被判死刑 | 越南经济背后...,20250606,1220696,18163,5266,youtube,xiaolin_shuo:FULL_SPOKEN
136,banfo_xianren__tt_7658630277580784179,banfo_xianren,COMPLETE_TEXT,HIGH,likes_or_chars,N/A_TEXT,https://www.toutiao.com/article/7658630277580784179/,/workspace/AI_Media_Matrix/01_benchmark/creator_full_corpus/banfo_xianren/transcripts/7658630277580784179.txt,a8eda1c5d6e55a867fc7631ed137588508dbb4c1e47a3f47adc2c0eb9e793b78,果子被印度坑了，太正常了,2026-07-04 11:18,0,171,1249,toutiao,banfo_xianren:COMPLETE_TEXT
137,bidu__yt_e9qSfuygdNM,bidu,FULL_SPOKEN,HIGH,views,YES_UNSAMPLED,https://www.youtube.com/watch?v=e9qSfuygdNM,/workspace/AI_Media_Matrix/01_benchmark/creator_full_corpus/_aggregate/b2_scale/oral/bidu/e9qSfuygdNM.spoken.txt,3db7b1e069c030109dccfb02fecbe35d125cfeefd9b77cdf8a1f1c3738fab1ef,你试过，用肛门呼吸吗？#搞笑 #科学 #自然 #funny #science #scienceexperiment,20250612,86114,1859,541,youtube,bidu:FULL_SPOKEN
138,wenyifei_jijiu__tt_7651451019116823076,wenyifei_jijiu,COMPLETE_TEXT,HIGH,likes_or_chars,N/A_TEXT,https://www.toutiao.com/article/7651451019116823076/,/workspace/AI_Media_Matrix/01_benchmark/creator_full_corpus/wenyifei_jijiu/transcripts/7651451019116823076.txt,243fff7e1011bc31dcff9dd45efff43f557d869eed367b66f4bba00a821634d5,一季度利润暴涨85%：不是深圳杭州，AI竞赛最大赢家浮出水面？,2026-06-15 03:00,0,268,3106,toutiao,wenyifei_jijiu:COMPLETE_TEXT
139,hetongxue__yt_CCN3jeueHQ4,hetongxue,FULL_SPOKEN,HIGH,views,NO,https://www.youtube.com/watch?v=CCN3jeueHQ4,/workspace/AI_Media_Matrix/01_benchmark/creator_full_corpus/_aggregate/b2_scale/oral/hetongxue/CCN3jeueHQ4.spoken.txt,1a10ae184bd31988622d7d838d284ea35c8fc26432b2380b7e4990082561b749,為了不用自己取外賣，我們做了這個...,20260529,235718,6310,1132,youtube,hetongxue:FULL_SPOKEN
140,xiaolin_shuo__tt_7496918820926292521,xiaolin_shuo,COMPLETE_TEXT,MEDIAN,likes_or_chars,N/A_TEXT,https://www.toutiao.com/article/7496918820926292521/,/workspace/AI_Media_Matrix/01_benchmark/creator_full_corpus/xiaolin_shuo/transcripts/7496918820926292521.txt,f9443d24131615eff0f8b4c7e3d89d865fefd1f2c591ee2664bc90011a6b032d,一口气了解瑞士经济,2025-04-24 16:34,0,274,14595,toutiao,xiaolin_shuo:COMPLETE_TEXT
141,wushi_caijing__yt_s0eFYv2J0UU,wushi_caijing,FULL_SPOKEN,CONTROL,views,YES_UNSAMPLED,https://www.youtube.com/watch?v=s0eFYv2J0UU,/workspace/AI_Media_Matrix/01_benchmark/creator_full_corpus/_aggregate/b2_scale/oral/wushi_caijing/s0eFYv2J0UU.spoken.txt,34d36e5f5ebe2f5c25430393b5fa32aea9231d2aa133a2298c02121eab88f16e,【巫师】抽象文化大战主流文化，狠活时代和东北往事,20220906,7723,71,471,youtube,wushi_caijing:FULL_SPOKEN
142,xiaolin_shuo__yt_mU_jDXfjYTA,xiaolin_shuo,FULL_SPOKEN,MEDIAN,views,NO,https://www.youtube.com/watch?v=mU_jDXfjYTA,/workspace/AI_Media_Matrix/01_benchmark/creator_full_corpus/_aggregate/b2_scale/oral/xiaolin_shuo/mU_jDXfjYTA.spoken.txt,3b7997ec6700cd350e1e8d483e69af95c998cd5cb20ada749e1a7b5542b59b17,黄金白银大崩盘，谁是幕后推手？,20260223,1192071,22020,6941,youtube,xiaolin_shuo:FULL_SPOKEN
143,banfo_xianren__tt_7662694384765108736,banfo_xianren,COMPLETE_TEXT,HIGH,likes_or_chars,N/A_TEXT,https://www.toutiao.com/article/7662694384765108736/,/workspace/AI_Media_Matrix/01_benchmark/creator_full_corpus/banfo_xianren/transcripts/7662694384765108736.txt,bea0fac6b5808fa9a583755f2b5f9539dc61255f9820209dd655de76a73f5387,老乡鸡，不能再扒下去了,2026-07-15 10:09,0,161,3167,toutiao,banfo_xianren:COMPLETE_TEXT
144,bidu__yt_nAAb4D30HmE,bidu,FULL_SPOKEN,HIGH,views,YES_UNSAMPLED,https://www.youtube.com/watch?v=nAAb4D30HmE,/workspace/AI_Media_Matrix/01_benchmark/creator_full_corpus/_aggregate/b2_scale/oral/bidu/nAAb4D30HmE.spoken.txt,75e43db3770726eb9a986603de29f74db148527c05cb626c6e46616da9972560,搞黄色的科学依据？！为什么黄色才是世间万物的注定归宿！ |毕导,20210207,78787,2164,1086,youtube,bidu:FULL_SPOKEN
145,wenyifei_jijiu__tt_7646713522218533428,wenyifei_jijiu,COMPLETE_TEXT,HIGH,likes_or_chars,N/A_TEXT,https://www.toutiao.com/article/7646713522218533428/,/workspace/AI_Media_Matrix/01_benchmark/creator_full_corpus/wenyifei_jijiu/transcripts/7646713522218533428.txt,13e9db0dc426b804034585b642a4555b5c2b92866b44f91765ba368d89205b50,全球进入极端高温：读懂这个气候逻辑，你就抓住了本轮财富机会！,2026-06-02 08:35,0,264,2483,toutiao,wenyifei_jijiu:COMPLETE_TEXT
146,hetongxue__yt_60PePcrWCKo,hetongxue,FULL_SPOKEN,HIGH,views,NO,https://www.youtube.com/watch?v=60PePcrWCKo,/workspace/AI_Media_Matrix/01_benchmark/creator_full_corpus/_aggregate/b2_scale/oral/hetongxue/60PePcrWCKo.spoken.txt,4da3883662021558d58a4e783e9dbe609fcfd83bc668e1e6bb06b8ded7b9f842,美國小朋友就玩這個？ ！何同學工作室11月開箱,20241110,222825,3512,3614,youtube,hetongxue:FULL_SPOKEN
147,xiaolin_shuo__tt_7419317537277592114,xiaolin_shuo,COMPLETE_TEXT,MEDIAN,likes_or_chars,N/A_TEXT,https://www.toutiao.com/article/7419317537277592114/,/workspace/AI_Media_Matrix/01_benchmark/creator_full_corpus/xiaolin_shuo/transcripts/7419317537277592114.txt,457ca723b2fac83c580a56942dedb3f79b3b92f04a68bfb1ce23e3a19d04a0ec,美元开启降息周期了，所以呢?,2024-09-27 13:41,0,263,8134,toutiao,xiaolin_shuo:COMPLETE_TEXT
148,wushi_caijing__yt_5X_f96pyp0s,wushi_caijing,FULL_SPOKEN,CONTROL,views,YES_UNSAMPLED,https://www.youtube.com/watch?v=5X_f96pyp0s,/workspace/AI_Media_Matrix/01_benchmark/creator_full_corpus/_aggregate/b2_scale/oral/wushi_caijing/5X_f96pyp0s.spoken.txt,0c946996a2e193330a53b382ef137d941affe8e7c5c20e937ce1d0a180045403,【巫师】汇报一下近期的线下工作,20240608,5133,46,388,youtube,wushi_caijing:FULL_SPOKEN
149,xiaolin_shuo__yt_T7z71yENz94,xiaolin_shuo,FULL_SPOKEN,MEDIAN,views,NO,https://www.youtube.com/watch?v=T7z71yENz94,/workspace/AI_Media_Matrix/01_benchmark/creator_full_corpus/_aggregate/b2_scale/oral/xiaolin_shuo/T7z71yENz94.spoken.txt,f51f43af867e32c36d4ec61d59a79a37e2c7cbf250b91ebe611e1b6f9bf4bea9,特朗普关税被判违法，这一整年白忙了? 现在关税什么情况?,20260909,1176344,11064,3254,youtube,xiaolin_shuo:FULL_SPOKEN
150,banfo_xianren__tt_7684607511692919322,banfo_xianren,COMPLETE_TEXT,HIGH,likes_or_chars,N/A_TEXT,https://www.toutiao.com/article/7684607511692919322/,/workspace/AI_Media_Matrix/01_benchmark/creator_full_corpus/banfo_xianren/transcripts/7684607511692919322.txt,e187f62d31fb1b13c5bc09af22bfbaaed2936eeaa18d8a4f9193e778103d7061,小米一晚上掏出了多少家底,NULL,0,143,4413,toutiao,banfo_xianren:COMPLETE_TEXT
151,bidu__yt_8FIynQxY52I,bidu,FULL_SPOKEN,HIGH,views,YES_UNSAMPLED,https://www.youtube.com/watch?v=8FIynQxY52I,/workspace/AI_Media_Matrix/01_benchmark/creator_full_corpus/_aggregate/b2_scale/oral/bidu/8FIynQxY52I.spoken.txt,8748e9213ea7aefda6248a5db36301480d934bfc3ff540299c6d30dcda3c331d,😲啊？铁丝网也能托住一杯水？#知識分享 #science  #物理 #百科密码 #experiment #科學揭秘 #科普 #physics #冷知識 #knowledge #water #化学,20260709,78010,1294,489,youtube,bidu:FULL_SPOKEN
152,wenyifei_jijiu__tt_7602462359609573940,wenyifei_jijiu,COMPLETE_TEXT,HIGH,likes_or_chars,N/A_TEXT,https://www.toutiao.com/article/7602462359609573940/,/workspace/AI_Media_Matrix/01_benchmark/creator_full_corpus/wenyifei_jijiu/transcripts/7602462359609573940.txt,ea6fa5a2bd9423a5ad02225e2c3886d8dc787fd0cca9e630a6d6573bbceac91d,2026全员涨薪潮下，一文看懂谁能涨、涨多少？,2026-02-03 02:56,0,216,2367,toutiao,wenyifei_jijiu:COMPLETE_TEXT
153,hetongxue__yt_p2NiiyIDAWQ,hetongxue,FULL_SPOKEN,HIGH,views,YES_UNSAMPLED,https://www.youtube.com/watch?v=p2NiiyIDAWQ,/workspace/AI_Media_Matrix/01_benchmark/creator_full_corpus/_aggregate/b2_scale/oral/hetongxue/p2NiiyIDAWQ.spoken.txt,2321a56f0cf518724a660c626b173d44249a374cd67f6ccd0af681f5cf976d12,【何同学】为了找到流量密码，我们做了个假视频网站...,20230517,213398,5339,660,youtube,hetongxue:FULL_SPOKEN
154,xiaolin_shuo__tt_7516903202403418661,xiaolin_shuo,COMPLETE_TEXT,MEDIAN,likes_or_chars,N/A_TEXT,https://www.toutiao.com/article/7516903202403418661/,/workspace/AI_Media_Matrix/01_benchmark/creator_full_corpus/xiaolin_shuo/transcripts/7516903202403418661.txt,4d1b8e2f853141be414aa1278a8506f0f5f925c1fd339bc5c59d16b48759228b,特朗普打算怎么干美联储? | 一口气了解美联储和白宫的世纪对抗,NULL,0,251,10265,toutiao,xiaolin_shuo:COMPLETE_TEXT
155,wushi_caijing__yt_BV1ViEg6PESR,wushi_caijing,FULL_SPOKEN,CONTROL,views,PENDING_QA,https://www.bilibili.com/video/BV1ViEg6PESR,/workspace/AI_Media_Matrix/01_benchmark/creator_full_corpus/_aggregate/b2_scale/oral/wushi_caijing/BV1ViEg6PESR.spoken.txt,be804ba2e2a445a5839015b543efdfb97c08e2bc97fc2ca5a3cef4e23300a205,,,0,0,3045,youtube,wushi_caijing:FULL_SPOKEN
156,xiaolin_shuo__yt_BHxJg38OiOs,xiaolin_shuo,FULL_SPOKEN,MEDIAN,views,NO,https://www.youtube.com/watch?v=BHxJg38OiOs,/workspace/AI_Media_Matrix/01_benchmark/creator_full_corpus/_aggregate/b2_scale/oral/xiaolin_shuo/BHxJg38OiOs.spoken.txt,360a6bcf751323d2a73f23142466586b63c4c7e0746833ca624405e91d91591f,全球最大奶茶公司的秘密,20250104,1146069,19849,5358,youtube,xiaolin_shuo:FULL_SPOKEN
157,banfo_xianren__tt_7675301566399742473,banfo_xianren,COMPLETE_TEXT,HIGH,likes_or_chars,N/A_TEXT,https://www.toutiao.com/article/7675301566399742473/,/workspace/AI_Media_Matrix/01_benchmark/creator_full_corpus/banfo_xianren/transcripts/7675301566399742473.txt,fad41f028f32fef5e91e62a07d6666d551050a174ec0a84d21333c1c03f64a92,别瞎吹，关于《牛来》的40个残酷真相,NULL,0,141,2065,toutiao,banfo_xianren:COMPLETE_TEXT
158,bidu__yt_5-ss4zykmag,bidu,FULL_SPOKEN,HIGH,views,YES_UNSAMPLED,https://www.youtube.com/watch?v=5-ss4zykmag,/workspace/AI_Media_Matrix/01_benchmark/creator_full_corpus/_aggregate/b2_scale/oral/bidu/5-ss4zykmag.spoken.txt,bd35a59fa5a919fc2fb29e77a174903cbb67d148c170d5461364b88b161e1afa,一期我从没做过的视频，几万人说看过了？#Science #科普 #曼德拉效应,20260130,75264,1650,552,youtube,bidu:FULL_SPOKEN
159,wenyifei_jijiu__tt_7369059766985048639,wenyifei_jijiu,COMPLETE_TEXT,HIGH,likes_or_chars,N/A_TEXT,https://www.toutiao.com/article/7369059766985048639/,/workspace/AI_Media_Matrix/01_benchmark/creator_full_corpus/wenyifei_jijiu/transcripts/7369059766985048639.txt,44dbec5f5c4f3c4b68ca0a30e2c3fc2e3fc45ac2b49046ead042f0bcc0872138,美国房价，涨的比AI还凶~~~,2024-05-15 04:32,0,137,1663,toutiao,wenyifei_jijiu:COMPLETE_TEXT
160,hetongxue__yt_OMuxeHgE1f0,hetongxue,FULL_SPOKEN,HIGH,views,NO,https://www.youtube.com/watch?v=OMuxeHgE1f0,/workspace/AI_Media_Matrix/01_benchmark/creator_full_corpus/_aggregate/b2_scale/oral/hetongxue/OMuxeHgE1f0.spoken.txt,f4376d3b814996f690201a02944c584cbe68cbbbe77907ab7daeb192b15753c9,這是我見過最精緻的電子產品...何同學工作室5月開箱,20240531,210379,5393,3248,youtube,hetongxue:FULL_SPOKEN
161,xiaolin_shuo__tt_7583045663101829632,xiaolin_shuo,COMPLETE_TEXT,MEDIAN,likes_or_chars,N/A_TEXT,https://www.toutiao.com/article/7583045663101829632/,/workspace/AI_Media_Matrix/01_benchmark/creator_full_corpus/xiaolin_shuo/transcripts/7583045663101829632.txt,efb6d2aa7f0d7e2879ecbee8efc1dd46e2f7bb53a39025300116139aebbd971d,一口气了解赌球,NULL,0,211,13639,toutiao,xiaolin_shuo:COMPLETE_TEXT
162,wushi_caijing__yt_GXd5r1KtW0w,wushi_caijing,FULL_SPOKEN,CONTROL,views,PENDING_QA,https://www.youtube.com/watch?v=GXd5r1KtW0w,/workspace/AI_Media_Matrix/01_benchmark/creator_full_corpus/_aggregate/b2_scale/oral/wushi_caijing/GXd5r1KtW0w.spoken.txt,ca77e7424cbe3a0e4b71238a40d5aebf837bd18509fd758d91e9a7b7459f4a7a,,,0,0,2264,youtube,wushi_caijing:FULL_SPOKEN
163,xiaolin_shuo__yt_EdsxoHQrhac,xiaolin_shuo,FULL_SPOKEN,MEDIAN,views,NO,https://www.youtube.com/watch?v=EdsxoHQrhac,/workspace/AI_Media_Matrix/01_benchmark/creator_full_corpus/_aggregate/b2_scale/oral/xiaolin_shuo/EdsxoHQrhac.spoken.txt,6c1d1de3c59197ebaab7d0917582ed323888449a5f1517e44258c9d1b8e49e08,最赚钱的投资品，你听说过么?,20240518,1062954,19510,4164,youtube,xiaolin_shuo:FULL_SPOKEN
164,banfo_xianren__tt_7596652375536960010,banfo_xianren,COMPLETE_TEXT,HIGH,likes_or_chars,N/A_TEXT,https://www.toutiao.com/article/7596652375536960010/,/workspace/AI_Media_Matrix/01_benchmark/creator_full_corpus/banfo_xianren/transcripts/7596652375536960010.txt,8d24f22bead486c3fe81d36ca80c66e2045cb1683c7018877b01635e92bd68e7,西贝的公关已经开始笑了,2026-01-18 10:52,0,125,1323,toutiao,banfo_xianren:COMPLETE_TEXT
165,bidu__yt_nE5XAOe8-R8,bidu,FULL_SPOKEN,HIGH,views,YES_UNSAMPLED,https://www.youtube.com/watch?v=nE5XAOe8-R8,/workspace/AI_Media_Matrix/01_benchmark/creator_full_corpus/_aggregate/b2_scale/oral/bidu/nE5XAOe8-R8.spoken.txt,a4c809123c4a70e8704f66ac1f46a78bf84bd134748d15aa99af57baa42da02b,拿着哑铃立定跳更远？ #Science #科普 #物理 #摩擦力,20251226,74992,1717,400,youtube,bidu:FULL_SPOKEN
166,wenyifei_jijiu__tt_7651452036629807670,wenyifei_jijiu,COMPLETE_TEXT,HIGH,likes_or_chars,N/A_TEXT,https://www.toutiao.com/article/7651452036629807670/,/workspace/AI_Media_Matrix/01_benchmark/creator_full_corpus/wenyifei_jijiu/transcripts/7651452036629807670.txt,f650abbc80348cc2f66ed600637f6440d6d7043016aa20841e13d1845f045aab,100万能换30年松弛生活？小城市低成本生活，普通人的时代红利,2026-06-16 01:00,0,137,1616,toutiao,wenyifei_jijiu:COMPLETE_TEXT
167,hetongxue__yt_n_jQGRymHCw,hetongxue,FULL_SPOKEN,HIGH,views,NO,https://www.youtube.com/watch?v=n_jQGRymHCw,/workspace/AI_Media_Matrix/01_benchmark/creator_full_corpus/_aggregate/b2_scale/oral/hetongxue/n_jQGRymHCw.spoken.txt,4d97aa1377ddb159473d74d01b8eeda9dd4165505a3c5c7b90d361fec9c0059e,為了睡個好覺，我們做了這個...,20260807,195061,5535,1274,youtube,hetongxue:FULL_SPOKEN
168,xiaolin_shuo__tt_7434660192328925734,xiaolin_shuo,COMPLETE_TEXT,MEDIAN,likes_or_chars,N/A_TEXT,https://www.toutiao.com/article/7434660192328925734/,/workspace/AI_Media_Matrix/01_benchmark/creator_full_corpus/xiaolin_shuo/transcripts/7434660192328925734.txt,9816fe8295768f58c960650b0ce503d3833f63e9abe44c961c17d32b30521deb,这个百亿大佬，竟然是我师兄？他成功的秘诀是……,2024-11-07 22:02,0,207,6787,toutiao,xiaolin_shuo:COMPLETE_TEXT
169,wushi_caijing__yt_zqYWR9uRGmI,wushi_caijing,FULL_SPOKEN,CONTROL,views,PENDING_QA,https://www.youtube.com/watch?v=zqYWR9uRGmI,/workspace/AI_Media_Matrix/01_benchmark/creator_full_corpus/_aggregate/b2_scale/oral/wushi_caijing/zqYWR9uRGmI.spoken.txt,3d793bcedbb54892176e75f4f590ebba91076e525f91250d614ab1e8bd5b6d83,,,0,0,7793,youtube,wushi_caijing:FULL_SPOKEN
170,xiaolin_shuo__yt_mcTAHffEkIw,xiaolin_shuo,FULL_SPOKEN,MEDIAN,views,YES_UNSAMPLED,https://www.youtube.com/watch?v=mcTAHffEkIw,/workspace/AI_Media_Matrix/01_benchmark/creator_full_corpus/_aggregate/b2_scale/oral/xiaolin_shuo/mcTAHffEkIw.spoken.txt,4c1a3fa15fd4dd0bb88929fbb249b3ff155769d4efcb96a8e340f5066a0396be,内存暴涨，谁在哭？谁在笑？,20260531,1059068,19026,1452,youtube,xiaolin_shuo:FULL_SPOKEN
171,banfo_xianren__tt_7603668840157594121,banfo_xianren,COMPLETE_TEXT,HIGH,likes_or_chars,N/A_TEXT,https://www.toutiao.com/article/7603668840157594121/,/workspace/AI_Media_Matrix/01_benchmark/creator_full_corpus/banfo_xianren/transcripts/7603668840157594121.txt,c2080fb1fc50b6a7b17a4f702dcde572391bfe765016183a4733e0e575e12ff4,西蓝花的事情算是没完了？,2026-02-06 08:39,0,117,1668,toutiao,banfo_xianren:COMPLETE_TEXT
172,bidu__yt_6vDsLvD4VDY,bidu,FULL_SPOKEN,MEDIAN,views,YES,https://www.youtube.com/watch?v=6vDsLvD4VDY,/workspace/AI_Media_Matrix/01_benchmark/creator_full_corpus/_aggregate/b2_scale/oral/bidu/6vDsLvD4VDY.spoken.txt,5efc5c6a508d644a573fe373d6f1d580dc7f3e1a350d56f1ab34f3fed7cb6565,你永远不知道，化学家为了打发无聊会干出什么事 Are chemists really bored?丨毕导THU,20191210,65033,1709,1293,youtube,bidu:FULL_SPOKEN
173,wenyifei_jijiu__tt_7592830412536185363,wenyifei_jijiu,COMPLETE_TEXT,MEDIAN,likes_or_chars,N/A_TEXT,https://www.toutiao.com/article/7592830412536185363/,/workspace/AI_Media_Matrix/01_benchmark/creator_full_corpus/wenyifei_jijiu/transcripts/7592830412536185363.txt,ca272a21c80e038fd93ac41b89925df4d6e057fd93d7810432dbadc666917cb2,“蔬菜刺客”VS“猪肉自由”，你的菜篮子正在经历什么？,2026-01-08 03:56,0,108,1528,toutiao,wenyifei_jijiu:COMPLETE_TEXT
174,hetongxue__yt_tPAnFz01ieY,hetongxue,FULL_SPOKEN,MEDIAN,views,NO,https://www.youtube.com/watch?v=tPAnFz01ieY,/workspace/AI_Media_Matrix/01_benchmark/creator_full_corpus/_aggregate/b2_scale/oral/hetongxue/tPAnFz01ieY.spoken.txt,f819b4f02b45a3b64cd30f32bb14bde76e72841bb93d860c04f09216e0acc7e1,【何同學】我們做了個特別的鍵盤...,20250430,181126,8036,1446,youtube,hetongxue:FULL_SPOKEN
175,xiaolin_shuo__tt_7416808307366609417,xiaolin_shuo,COMPLETE_TEXT,MEDIAN,likes_or_chars,N/A_TEXT,https://www.toutiao.com/article/7416808307366609417/,/workspace/AI_Media_Matrix/01_benchmark/creator_full_corpus/xiaolin_shuo/transcripts/7416808307366609417.txt,ec2a6c7b612571a684c735a27e0e4945c166c31918ac601901dd207efe26cb08,韩国房地产危机 | 全租房,2024-09-20 19:25,0,202,3883,toutiao,xiaolin_shuo:COMPLETE_TEXT
176,xiaolin_shuo__yt_EfJK3EJP4Yc,xiaolin_shuo,FULL_SPOKEN,MEDIAN,views,NO,https://www.youtube.com/watch?v=EfJK3EJP4Yc,/workspace/AI_Media_Matrix/01_benchmark/creator_full_corpus/_aggregate/b2_scale/oral/xiaolin_shuo/EfJK3EJP4Yc.spoken.txt,05cca1273398da7aa84b315ecc873c893fdb67daafed4d15d8eef052e2d2b279,韩国房地产危机 | 全租房,20230902,996965,20968,3788,youtube,xiaolin_shuo:FULL_SPOKEN
177,banfo_xianren__tt_7652676680555069952,banfo_xianren,COMPLETE_TEXT,HIGH,likes_or_chars,N/A_TEXT,https://www.toutiao.com/article/7652676680555069952/,/workspace/AI_Media_Matrix/01_benchmark/creator_full_corpus/banfo_xianren/transcripts/7652676680555069952.txt,a7703a6ea95611c25d8daecb83b76a8e1d169bb66a8220de8ea4348ae4a3c3f8,纯电车应该给问界和理想再磕个头,2026-06-18 10:15,0,117,1684,toutiao,banfo_xianren:COMPLETE_TEXT
178,bidu__yt_g9kBB6KVCVU,bidu,FULL_SPOKEN,MEDIAN,views,YES_UNSAMPLED,https://www.youtube.com/watch?v=g9kBB6KVCVU,/workspace/AI_Media_Matrix/01_benchmark/creator_full_corpus/_aggregate/b2_scale/oral/bidu/g9kBB6KVCVU.spoken.txt,3a75c7a75b1000e2f08591d6d5750b71e3e2af3d75ae26f09c09e15dfdf1ad6f,离谱，撒个尿也能发论文？？？#science #科学 #蚂蚁搬家 #杏鲍菇,20250418,62482,1409,850,youtube,bidu:FULL_SPOKEN
179,wenyifei_jijiu__tt_7628116663937860132,wenyifei_jijiu,COMPLETE_TEXT,MEDIAN,likes_or_chars,N/A_TEXT,https://www.toutiao.com/article/7628116663937860132/,/workspace/AI_Media_Matrix/01_benchmark/creator_full_corpus/wenyifei_jijiu/transcripts/7628116663937860132.txt,4dd6b63c991d2125773d9e43b4e35418c5e4b72b1935a5e422cfd971b8dffa96,"AI尽头是电力，电力尽头是它！国家发""旱涝保收""工资，赚钱新机遇",2026-04-13 05:50,0,90,1345,toutiao,wenyifei_jijiu:COMPLETE_TEXT
180,hetongxue__yt_EWlpe77QFkA,hetongxue,FULL_SPOKEN,MEDIAN,views,NO,https://www.youtube.com/watch?v=EWlpe77QFkA,/workspace/AI_Media_Matrix/01_benchmark/creator_full_corpus/_aggregate/b2_scale/oral/hetongxue/EWlpe77QFkA.spoken.txt,f6f0ea09d45849103b8333b8de836eed1bf17f26b11341946fdadfde37dbcd95,我們做了把自動駕駛辦公椅...,20260418,178637,7917,3360,youtube,hetongxue:FULL_SPOKEN
181,xiaolin_shuo__tt_7620801148362736154,xiaolin_shuo,COMPLETE_TEXT,CONTROL,likes_or_chars,N/A_TEXT,https://www.toutiao.com/article/7620801148362736154/,/workspace/AI_Media_Matrix/01_benchmark/creator_full_corpus/xiaolin_shuo/transcripts/7620801148362736154.txt,25f342c20e8f210020e77f9580ec7c824ed67e95eb396ced1b129a2c6f9897d3,伊朗战争，和全球能源格局,NULL,0,178,7935,toutiao,xiaolin_shuo:COMPLETE_TEXT
182,xiaolin_shuo__yt_P-NmMX9rlYQ,xiaolin_shuo,FULL_SPOKEN,CONTROL,views,NO,https://www.youtube.com/watch?v=P-NmMX9rlYQ,/workspace/AI_Media_Matrix/01_benchmark/creator_full_corpus/_aggregate/b2_scale/oral/xiaolin_shuo/P-NmMX9rlYQ.spoken.txt,f87b438eb19a9e5de2f34cb2e54eb66869e6295171feca5061d19ae4c5109594,GDP是会骗人的 | 一口气了解GDP,20251115,978020,17644,7588,youtube,xiaolin_shuo:FULL_SPOKEN
183,banfo_xianren__tt_7637114928884711979,banfo_xianren,COMPLETE_TEXT,HIGH,likes_or_chars,N/A_TEXT,https://www.toutiao.com/article/7637114928884711979/,/workspace/AI_Media_Matrix/01_benchmark/creator_full_corpus/banfo_xianren/transcripts/7637114928884711979.txt,7d0de006e3ea927d2221509000d8e739af16cabb748b806f21735ccf9e7a6591,世界杯应该倒给央视钱求他们播,2026-05-07 11:47,0,77,1080,toutiao,banfo_xianren:COMPLETE_TEXT
184,bidu__yt_tIV84koPIpk,bidu,FULL_SPOKEN,MEDIAN,views,YES_UNSAMPLED,https://www.youtube.com/watch?v=tIV84koPIpk,/workspace/AI_Media_Matrix/01_benchmark/creator_full_corpus/_aggregate/b2_scale/oral/bidu/tIV84koPIpk.spoken.txt,88f3497d5625c509a58e9fa218bc2f876ec4a852d3c9d8502521125f307083f0,刚买的李子丢进水里，直接长出了一层透明壳？？🤨#知識分享 #科學揭秘 #科學 #科普 #冷知識 #物理 #生活,20260728,61898,1254,379,youtube,bidu:FULL_SPOKEN
185,wenyifei_jijiu__tt_7446304569308545570,wenyifei_jijiu,COMPLETE_TEXT,MEDIAN,likes_or_chars,N/A_TEXT,https://www.toutiao.com/article/7446304569308545570/,/workspace/AI_Media_Matrix/01_benchmark/creator_full_corpus/wenyifei_jijiu/transcripts/7446304569308545570.txt,065721a3940771a8a64d674cca1e59b791b672f6b05040407f75a3bbe2ec49e8,山东凭什么成为中国的战备大省？,NULL,0,86,1175,toutiao,wenyifei_jijiu:COMPLETE_TEXT
186,hetongxue__yt_Hme82Ud1Fpk,hetongxue,FULL_SPOKEN,MEDIAN,views,YES_UNSAMPLED,https://www.youtube.com/watch?v=Hme82Ud1Fpk,/workspace/AI_Media_Matrix/01_benchmark/creator_full_corpus/_aggregate/b2_scale/oral/hetongxue/Hme82Ud1Fpk.spoken.txt,2181617d3e48fa7e4dcaff321de9b117cbbf9c4f4e8b06d2a2073906d29f86a3,水刀切相机？何同学工作室2月开箱,20240229,177212,4024,932,youtube,hetongxue:FULL_SPOKEN
187,xiaolin_shuo__tt_7611864124229829155,xiaolin_shuo,COMPLETE_TEXT,CONTROL,likes_or_chars,N/A_TEXT,https://www.toutiao.com/article/7611864124229829155/,/workspace/AI_Media_Matrix/01_benchmark/creator_full_corpus/xiaolin_shuo/transcripts/7611864124229829155.txt,c12f132aa5e003926b1582086e300ca36a22b780f5e97cbc029e8c41b7024b4f,黄金白银大崩盘，谁是幕后推手？,NULL,0,175,7337,toutiao,xiaolin_shuo:COMPLETE_TEXT
188,xiaolin_shuo__yt_HTa1uc_kmHQ,xiaolin_shuo,FULL_SPOKEN,CONTROL,views,YES_UNSAMPLED,https://www.youtube.com/watch?v=HTa1uc_kmHQ,/workspace/AI_Media_Matrix/01_benchmark/creator_full_corpus/_aggregate/b2_scale/oral/xiaolin_shuo/HTa1uc_kmHQ.spoken.txt,00b29f69d7decde627e3f999cea3ca50e55a8d6bc9d70df947ad29f518d3728f,机器人时代，真的来了吗?,20250907,977475,16770,882,youtube,xiaolin_shuo:FULL_SPOKEN
189,banfo_xianren__tt_7646731538793366050,banfo_xianren,COMPLETE_TEXT,HIGH,likes_or_chars,N/A_TEXT,https://www.toutiao.com/article/7646731538793366050/,/workspace/AI_Media_Matrix/01_benchmark/creator_full_corpus/banfo_xianren/transcripts/7646731538793366050.txt,550435ef3afd4f494d822f33f79ca0cfcaf43b1ead674d7f22171e4ce2fca396,小米处理空调作弊师傅，戳了谁的肺管子？,2026-06-02 09:45,0,77,841,toutiao,banfo_xianren:COMPLETE_TEXT
190,bidu__yt_7jmPDOf1Uqc,bidu,FULL_SPOKEN,MEDIAN,views,YES,https://www.youtube.com/watch?v=7jmPDOf1Uqc,/workspace/AI_Media_Matrix/01_benchmark/creator_full_corpus/_aggregate/b2_scale/oral/bidu/7jmPDOf1Uqc.spoken.txt,361c87384d74a55d6e640d0a2d118b2ae79d53ab59af6a5b81e2b9c98a886671,以防你没见过会吐泡泡的蘑菇 #科普 #物理 #数学,20241014,60332,944,333,youtube,bidu:FULL_SPOKEN
191,wenyifei_jijiu__tt_7685196005968527914,wenyifei_jijiu,COMPLETE_TEXT,MEDIAN,likes_or_chars,N/A_TEXT,https://www.toutiao.com/article/7685196005968527914/,/workspace/AI_Media_Matrix/01_benchmark/creator_full_corpus/wenyifei_jijiu/transcripts/7685196005968527914.txt,e34f0afac642c5ad22886d77e34111d0beace26486ea2c75090cddbf8e9bdc1b,一个扎心的真相：与领导的年龄差，会如何影响你的前途？,2026-09-14 20:00,0,83,1564,toutiao,wenyifei_jijiu:COMPLETE_TEXT
192,hetongxue__yt_CYENwrdCZxI,hetongxue,FULL_SPOKEN,MEDIAN,views,NO,https://www.youtube.com/watch?v=CYENwrdCZxI,/workspace/AI_Media_Matrix/01_benchmark/creator_full_corpus/_aggregate/b2_scale/oral/hetongxue/CYENwrdCZxI.spoken.txt,ff81e0e23d907ae7a187b9e740ebc1eb2d187596cfb483dc07b0abade29103c9,【何同學】為了拍到最美的星雲，我們做了一個移動天文台,20250808,175840,8562,1403,youtube,hetongxue:FULL_SPOKEN
193,xiaolin_shuo__tt_7560917270160900671,xiaolin_shuo,COMPLETE_TEXT,CONTROL,likes_or_chars,N/A_TEXT,https://www.toutiao.com/article/7560917270160900671/,/workspace/AI_Media_Matrix/01_benchmark/creator_full_corpus/xiaolin_shuo/transcripts/7560917270160900671.txt,c8c7d3bde43db31197a114c2b76cbf273d5f8744916e072c498b616ed96a649a,美元暴跌的背后...,NULL,0,171,8208,toutiao,xiaolin_shuo:COMPLETE_TEXT
194,xiaolin_shuo__yt_jbsn0gCsipY,xiaolin_shuo,FULL_SPOKEN,CONTROL,views,YES_UNSAMPLED,https://www.youtube.com/watch?v=jbsn0gCsipY,/workspace/AI_Media_Matrix/01_benchmark/creator_full_corpus/_aggregate/b2_scale/oral/xiaolin_shuo/jbsn0gCsipY.spoken.txt,e23fd1c5a0a55c2cc967217735a26192761be69d073d9f3faca05fb5025e6c45,咱简单聊聊许家印背后的恒大债务始末,20230930,968892,17491,807,youtube,xiaolin_shuo:FULL_SPOKEN
195,banfo_xianren__tt_7587733645364838964,banfo_xianren,COMPLETE_TEXT,HIGH,likes_or_chars,N/A_TEXT,https://www.toutiao.com/article/7587733645364838964/,/workspace/AI_Media_Matrix/01_benchmark/creator_full_corpus/banfo_xianren/transcripts/7587733645364838964.txt,6582d84ff4751cd996a08272aa76632d26ee1b9000b6683edf9b4a0129f61222,始祖鸟简直便宜过头了,2025-12-25 10:03,0,73,2153,toutiao,banfo_xianren:COMPLETE_TEXT
196,bidu__yt_wN2X-KheNiM,bidu,FULL_SPOKEN,MEDIAN,views,YES_UNSAMPLED,https://www.youtube.com/watch?v=wN2X-KheNiM,/workspace/AI_Media_Matrix/01_benchmark/creator_full_corpus/_aggregate/b2_scale/oral/bidu/wN2X-KheNiM.spoken.txt,901cfb257d19a942f855968dae4f32fd28ffb4cc0e182f35023307bd7e940143,如何得一个诺贝尔奖？ |毕导,20201223,58608,1033,640,youtube,bidu:FULL_SPOKEN
197,wenyifei_jijiu__tt_7648862884268638766,wenyifei_jijiu,COMPLETE_TEXT,MEDIAN,likes_or_chars,N/A_TEXT,https://www.toutiao.com/article/7648862884268638766/,/workspace/AI_Media_Matrix/01_benchmark/creator_full_corpus/wenyifei_jijiu/transcripts/7648862884268638766.txt,d72656cece6a4def9651b7e0492fe9c29a32c6c187b263adc892e154d1fa49c8,程序员怕失业，会计怕下岗，20后却淡定得很：被AI替代？不存在的,2026-06-08 03:35,0,76,1790,toutiao,wenyifei_jijiu:COMPLETE_TEXT
198,hetongxue__yt_uEIKjVlrPtc,hetongxue,FULL_SPOKEN,MEDIAN,views,NO,https://www.youtube.com/watch?v=uEIKjVlrPtc,/workspace/AI_Media_Matrix/01_benchmark/creator_full_corpus/_aggregate/b2_scale/oral/hetongxue/uEIKjVlrPtc.spoken.txt,f683dbab49b46d21e2cf404ffca1e071b3c98a36a1afaa7b102e2d851501bbe1,电动外骨骼？超微距镜头？何同学工作室3月开箱,20240329,157235,4344,2626,youtube,hetongxue:FULL_SPOKEN
199,xiaolin_shuo__tt_7639989292718244388,xiaolin_shuo,COMPLETE_TEXT,CONTROL,likes_or_chars,N/A_TEXT,https://www.toutiao.com/article/7639989292718244388/,/workspace/AI_Media_Matrix/01_benchmark/creator_full_corpus/xiaolin_shuo/transcripts/7639989292718244388.txt,75233e08dda1227a362cbaeadbee65ed37a43898e79e187846c53b913b74dbd7,一口气了解亚洲金融危机,NULL,0,165,10743,toutiao,xiaolin_shuo:COMPLETE_TEXT
200,xiaolin_shuo__yt_6mVX78_nq0A,xiaolin_shuo,FULL_SPOKEN,CONTROL,views,NO,https://www.youtube.com/watch?v=6mVX78_nq0A,/workspace/AI_Media_Matrix/01_benchmark/creator_full_corpus/_aggregate/b2_scale/oral/xiaolin_shuo/6mVX78_nq0A.spoken.txt,d317c4e2ff8faeb02e8411ad04fef29ac62d00452130d12828e8377e2758cb6f,【亚洲首富】印度两大富豪,20230520,939380,13631,4293,youtube,xiaolin_shuo:FULL_SPOKEN
201,banfo_xianren__tt_7684233603768762922,banfo_xianren,COMPLETE_TEXT,HIGH,likes_or_chars,N/A_TEXT,https://www.toutiao.com/article/7684233603768762922/,/workspace/AI_Media_Matrix/01_benchmark/creator_full_corpus/banfo_xianren/transcripts/7684233603768762922.txt,3fbecd4ec3961fee25e439580cb13e8dba13395a57bc3d68ae59299789778ec4,月饼行业开始玩弄人类了,NULL,0,63,2790,toutiao,banfo_xianren:COMPLETE_TEXT
202,bidu__yt_J4dpVQhxxpI,bidu,FULL_SPOKEN,MEDIAN,views,YES,https://www.youtube.com/watch?v=J4dpVQhxxpI,/workspace/AI_Media_Matrix/01_benchmark/creator_full_corpus/_aggregate/b2_scale/oral/bidu/J4dpVQhxxpI.spoken.txt,48488fa3a2862199b27106d3a4491605e0966e0858efb2a48902352f541ddb6d,为了满足网友们的猜想，我差点误上断头台！ #Science #科普 #光 #物理 #physics,20260514,57153,1759,504,youtube,bidu:FULL_SPOKEN
203,wenyifei_jijiu__tt_7616678939553022518,wenyifei_jijiu,COMPLETE_TEXT,MEDIAN,likes_or_chars,N/A_TEXT,https://www.toutiao.com/article/7616678939553022518/,/workspace/AI_Media_Matrix/01_benchmark/creator_full_corpus/wenyifei_jijiu/transcripts/7616678939553022518.txt,33de69da494424e654d6b28bd0ecf3bbf078d8e53ec70e1cffe61db16b15b10c,别再瞎忙！30万亿+4%赤字率，2026两会告诉你钱往哪赚,2026-03-13 10:05,0,70,2418,toutiao,wenyifei_jijiu:COMPLETE_TEXT
204,hetongxue__yt_vriV1wMJ7VA,hetongxue,FULL_SPOKEN,MEDIAN,views,NO,https://www.youtube.com/watch?v=vriV1wMJ7VA,/workspace/AI_Media_Matrix/01_benchmark/creator_full_corpus/_aggregate/b2_scale/oral/hetongxue/vriV1wMJ7VA.spoken.txt,c07d149af43b35ded2d2f2c51d4018523b0714979f5b2e356969f85f69ea6a7a,我從沒體驗過這麼差的產品……何同學工作室七月開箱,20240708,151073,2880,3819,youtube,hetongxue:FULL_SPOKEN
205,xiaolin_shuo__tt_7646393060082975295,xiaolin_shuo,COMPLETE_TEXT,CONTROL,likes_or_chars,N/A_TEXT,https://www.toutiao.com/article/7646393060082975295/,/workspace/AI_Media_Matrix/01_benchmark/creator_full_corpus/xiaolin_shuo/transcripts/7646393060082975295.txt,29fb78ca33df63ed688fa85027e90e7281cc43e222365145e09eeb5cc74808b3,内存暴涨，谁在哭？谁在笑？,NULL,0,141,7464,toutiao,xiaolin_shuo:COMPLETE_TEXT
206,xiaolin_shuo__yt_wjr36QmZP2w,xiaolin_shuo,FULL_SPOKEN,CONTROL,views,NO,https://www.youtube.com/watch?v=wjr36QmZP2w,/workspace/AI_Media_Matrix/01_benchmark/creator_full_corpus/_aggregate/b2_scale/oral/xiaolin_shuo/wjr36QmZP2w.spoken.txt,1b562bbf7f0a488fd6ab65c30cfb6bc4b0e7072b3d2ad612c8f0171d58aefe1f,【避税天堂 - 下】许家印是如何转移资产的？,20240120,799945,14855,1374,youtube,xiaolin_shuo:FULL_SPOKEN
207,banfo_xianren__tt_7559885181046260251,banfo_xianren,COMPLETE_TEXT,HIGH,likes_or_chars,N/A_TEXT,https://www.toutiao.com/article/7559885181046260251/,/workspace/AI_Media_Matrix/01_benchmark/creator_full_corpus/banfo_xianren/transcripts/7559885181046260251.txt,752b1b85166a9810b1f21dcf5c07872b3afab63109e6edba96e599467aa5d11b,西贝终于做了点对的事情,2025-10-11 08:55,0,62,2603,toutiao,banfo_xianren:COMPLETE_TEXT
208,bidu__yt_6XXuFdT5lk4,bidu,FULL_SPOKEN,MEDIAN,views,YES_UNSAMPLED,https://www.youtube.com/watch?v=6XXuFdT5lk4,/workspace/AI_Media_Matrix/01_benchmark/creator_full_corpus/_aggregate/b2_scale/oral/bidu/6XXuFdT5lk4.spoken.txt,5eec2d9b0a158413aaced3148c01388b292ba5d24d222ab8b76d4452959561a9,在火锅店吃到了变色香油？！我还有救吗……#光学 #冷知识 #科普,20240511,55777,1061,284,youtube,bidu:FULL_SPOKEN
209,wenyifei_jijiu__tt_7638447217912709647,wenyifei_jijiu,COMPLETE_TEXT,MEDIAN,likes_or_chars,N/A_TEXT,https://www.toutiao.com/article/7638447217912709647/,/workspace/AI_Media_Matrix/01_benchmark/creator_full_corpus/wenyifei_jijiu/transcripts/7638447217912709647.txt,bfec75315d050110cfc6db2e1ec1ff51b5d5e721ca01cdd920b6333366225c20,现金贬值、炒股被套、买房亏钱？普通人究竟该如何自处？,2026-05-11 23:57,0,56,3856,toutiao,wenyifei_jijiu:COMPLETE_TEXT
210,hetongxue__yt_glZ9JVTuolk,hetongxue,FULL_SPOKEN,MEDIAN,views,NO,https://www.youtube.com/watch?v=glZ9JVTuolk,/workspace/AI_Media_Matrix/01_benchmark/creator_full_corpus/_aggregate/b2_scale/oral/hetongxue/glZ9JVTuolk.spoken.txt,ac78082238eea1eed356ce9e3d15ccd2aba2d6f6f66ea61bd2edb8fe856b8561,我被同事戴上了測謊儀…何同學工作室8月開箱,20240831,134016,2603,3154,youtube,hetongxue:FULL_SPOKEN
211,xiaolin_shuo__tt_7623367674583646720,xiaolin_shuo,COMPLETE_TEXT,CONTROL,likes_or_chars,N/A_TEXT,https://www.toutiao.com/article/7623367674583646720/,/workspace/AI_Media_Matrix/01_benchmark/creator_full_corpus/xiaolin_shuo/transcripts/7623367674583646720.txt,566a4861fc66f5c185346b68132af01ed2853045ded4414173217f71232afeef,十五五开局，两会给中国经济划了哪些重点？,NULL,0,140,4372,toutiao,xiaolin_shuo:COMPLETE_TEXT
212,xiaolin_shuo__yt_EO0creQnzrM,xiaolin_shuo,FULL_SPOKEN,CONTROL,views,YES,https://www.youtube.com/watch?v=EO0creQnzrM,/workspace/AI_Media_Matrix/01_benchmark/creator_full_corpus/_aggregate/b2_scale/oral/xiaolin_shuo/EO0creQnzrM.spoken.txt,485a8793a736f3dfc4ef78963bd736ee47de14db42b28ab0a8a4b1492f91e97e,【特别篇】看看北京的养老院是什么样子?,20231126,778067,18792,1023,youtube,xiaolin_shuo:FULL_SPOKEN
213,banfo_xianren__tt_7640449757592257050,banfo_xianren,COMPLETE_TEXT,HIGH,likes_or_chars,N/A_TEXT,https://www.toutiao.com/article/7640449757592257050/,/workspace/AI_Media_Matrix/01_benchmark/creator_full_corpus/banfo_xianren/transcripts/7640449757592257050.txt,ae30b74678d10b05b9d7c304d8641a7f1427b0d4f21ce323830f979a615ea587,这个世界太疯狂，壮阳药都被放进糖,2026-05-16 11:28,0,61,1803,toutiao,banfo_xianren:COMPLETE_TEXT
214,bidu__yt_n_S9Z5NNY94,bidu,FULL_SPOKEN,MEDIAN,views,YES_UNSAMPLED,https://www.youtube.com/watch?v=n_S9Z5NNY94,/workspace/AI_Media_Matrix/01_benchmark/creator_full_corpus/_aggregate/b2_scale/oral/bidu/n_S9Z5NNY94.spoken.txt,e60f0d1d477f7d0b6a25196cd3bb765fec27358dd02d6a8b03ca136f598357ba,我给自己发了2亿个红包，才发现先抢和后抢差距这么大！丨毕导THU,20200214,53610,1169,1030,youtube,bidu:FULL_SPOKEN
215,wenyifei_jijiu__tt_7572098770983649844,wenyifei_jijiu,COMPLETE_TEXT,MEDIAN,likes_or_chars,N/A_TEXT,https://www.toutiao.com/article/7572098770983649844/,/workspace/AI_Media_Matrix/01_benchmark/creator_full_corpus/wenyifei_jijiu/transcripts/7572098770983649844.txt,323db53b4cc368812ea521030d481954b646a9ffe8235f2f2f16b87a3c110133,老房子的未来是原拆原建吗？,2025-11-13 07:07,0,49,1614,toutiao,wenyifei_jijiu:COMPLETE_TEXT
216,hetongxue__yt_gIfD6YtY0ts,hetongxue,FULL_SPOKEN,MEDIAN,views,NO,https://www.youtube.com/watch?v=gIfD6YtY0ts,/workspace/AI_Media_Matrix/01_benchmark/creator_full_corpus/_aggregate/b2_scale/oral/hetongxue/gIfD6YtY0ts.spoken.txt,c67e2fd17e618f98577151d7dc2c5fb42b399fe211f23d317db2f47eb7e83b4c,為了不用擦白板，我們做了這個...,20250725,127050,3125,3056,youtube,hetongxue:FULL_SPOKEN
217,xiaolin_shuo__tt_7638968771348103680,xiaolin_shuo,COMPLETE_TEXT,CONTROL,likes_or_chars,N/A_TEXT,https://www.toutiao.com/article/7638968771348103680/,/workspace/AI_Media_Matrix/01_benchmark/creator_full_corpus/xiaolin_shuo/transcripts/7638968771348103680.txt,482bb0720a094a7a8a6ccfffcc0ff8b3bcc65b3e28197ebe43ea942c495d7d09,药价，背后的谈判...,NULL,0,124,4093,toutiao,xiaolin_shuo:COMPLETE_TEXT
218,xiaolin_shuo__yt_fKoWrF49Qo8,xiaolin_shuo,FULL_SPOKEN,CONTROL,views,NO,https://www.youtube.com/watch?v=fKoWrF49Qo8,/workspace/AI_Media_Matrix/01_benchmark/creator_full_corpus/_aggregate/b2_scale/oral/xiaolin_shuo/fKoWrF49Qo8.spoken.txt,25e2f64419263d6238b105279688d49b5179e4092e52ba8d264dfad13cb78321,特朗普收入曝光，一年狂揽$22亿，竟然是靠…,20260723,732470,14406,7002,youtube,xiaolin_shuo:FULL_SPOKEN
219,banfo_xianren__tt_7672324685555630618,banfo_xianren,COMPLETE_TEXT,MEDIAN,likes_or_chars,N/A_TEXT,https://www.toutiao.com/article/7672324685555630618/,/workspace/AI_Media_Matrix/01_benchmark/creator_full_corpus/banfo_xianren/transcripts/7672324685555630618.txt,6caf86b20db2c6e71404d1691e6b2e482f2ec9138f69d8f3a82e617982f4b4f0,爷爷不泡茶的打架事件是无解的,2026-08-10 09:03,0,41,1204,toutiao,banfo_xianren:COMPLETE_TEXT
220,bidu__yt_lUhfPTA-yYE,bidu,FULL_SPOKEN,MEDIAN,views,YES_UNSAMPLED,https://www.youtube.com/watch?v=lUhfPTA-yYE,/workspace/AI_Media_Matrix/01_benchmark/creator_full_corpus/_aggregate/b2_scale/oral/bidu/lUhfPTA-yYE.spoken.txt,0d5830f58c582fe5d4ebf1bac2a18a1dec46ff3b9f892d2ea361fa982b604813,影子竟然断了？我在世界卡出一个bug！！#光学 #物理 #科普,20240816,50936,1220,786,youtube,bidu:FULL_SPOKEN
221,wenyifei_jijiu__tt_7579073225490039322,wenyifei_jijiu,COMPLETE_TEXT,MEDIAN,likes_or_chars,N/A_TEXT,https://www.toutiao.com/article/7579073225490039322/,/workspace/AI_Media_Matrix/01_benchmark/creator_full_corpus/wenyifei_jijiu/transcripts/7579073225490039322.txt,8c1ef5f7a2e73244cf7c863a8ed7c4f70086566baf394c2ae1e6ebd7a250a3b9,高层老房子的安全和保值，是花钱就能解决的么？,2025-12-02 02:43,0,40,1716,toutiao,wenyifei_jijiu:COMPLETE_TEXT
222,hetongxue__yt_GlwUumdSpeY,hetongxue,FULL_SPOKEN,MEDIAN,views,NO,https://www.youtube.com/watch?v=GlwUumdSpeY,/workspace/AI_Media_Matrix/01_benchmark/creator_full_corpus/_aggregate/b2_scale/oral/hetongxue/GlwUumdSpeY.spoken.txt,86f67f91da95f4cb886db82b3746ff6d2a780487ce34636583295ec349d5746f,確實挺mini的…,20241031,120002,1590,1568,youtube,hetongxue:FULL_SPOKEN
223,xiaolin_shuo__tt_7650518993611866662,xiaolin_shuo,COMPLETE_TEXT,CONTROL,likes_or_chars,N/A_TEXT,https://www.toutiao.com/article/7650518993611866662/,/workspace/AI_Media_Matrix/01_benchmark/creator_full_corpus/xiaolin_shuo/transcripts/7650518993611866662.txt,fd492412fdafa1032c4701b64dfc8b074af70fbc6035d3fa6c353b55e8cf1176,SpaceX上市，背后在玩什么资本游戏?,NULL,0,122,8483,toutiao,xiaolin_shuo:COMPLETE_TEXT
224,xiaolin_shuo__yt_Wh9pRLoZg-A,xiaolin_shuo,FULL_SPOKEN,CONTROL,views,YES_UNSAMPLED,https://www.youtube.com/watch?v=Wh9pRLoZg-A,/workspace/AI_Media_Matrix/01_benchmark/creator_full_corpus/_aggregate/b2_scale/oral/xiaolin_shuo/Wh9pRLoZg-A.spoken.txt,921e63a17f47c33d79fbac18cdea62a5a6596f8fecd6f300e28b3e3ed04c0cec,收购狂魔欧莱雅，最近又在搞什么新花样？,20240712,646428,10616,1693,youtube,xiaolin_shuo:FULL_SPOKEN
225,banfo_xianren__tt_7681623409533207040,banfo_xianren,COMPLETE_TEXT,MEDIAN,likes_or_chars,N/A_TEXT,https://www.toutiao.com/article/7681623409533207040/,/workspace/AI_Media_Matrix/01_benchmark/creator_full_corpus/banfo_xianren/transcripts/7681623409533207040.txt,75e176f16b28afb612c83e613f08d77281042a4cbcf751f0f8f65b06e359881d,肯德基麦当劳的炸鸡配方并不值钱,NULL,0,40,1013,toutiao,banfo_xianren:COMPLETE_TEXT
226,bidu__yt_y5iZeneRzk0,bidu,FULL_SPOKEN,MEDIAN,views,YES_UNSAMPLED,https://www.youtube.com/watch?v=y5iZeneRzk0,/workspace/AI_Media_Matrix/01_benchmark/creator_full_corpus/_aggregate/b2_scale/oral/bidu/y5iZeneRzk0.spoken.txt,194bb4d52d119d7c616265898aece065673b59cf341da0bbcc265b34bdde1f7e,火锅之神在此！如何优雅地吃一个撒尿牛丸？丨毕导THU,20191224,50283,1201,834,youtube,bidu:FULL_SPOKEN
227,wenyifei_jijiu__tt_7626259845989138994,wenyifei_jijiu,COMPLETE_TEXT,MEDIAN,likes_or_chars,N/A_TEXT,https://www.toutiao.com/article/7626259845989138994/,/workspace/AI_Media_Matrix/01_benchmark/creator_full_corpus/wenyifei_jijiu/transcripts/7626259845989138994.txt,b5f4e358b38ddf41c39b4d4a4c8d45ff90da38efba03f9e85b26700572f3f631,浙江国资太敢赌！接触张雪机车仅4个月，凭啥敢砸9000万？,2026-04-09 00:00,0,33,1991,toutiao,wenyifei_jijiu:COMPLETE_TEXT
228,hetongxue__yt_s371F4BYoP8,hetongxue,FULL_SPOKEN,MEDIAN,views,NO,https://www.youtube.com/watch?v=s371F4BYoP8,/workspace/AI_Media_Matrix/01_benchmark/creator_full_corpus/_aggregate/b2_scale/oral/hetongxue/s371F4BYoP8.spoken.txt,1d137a8c0135337396dd148155f7319e5c6ae1ba1e22f57cf9ad64a1abc078ed,為了吃口香糖，我招了個同事餵我…,20240905,115638,2564,461,youtube,hetongxue:FULL_SPOKEN
229,xiaolin_shuo__tt_7657816714508059170,xiaolin_shuo,COMPLETE_TEXT,CONTROL,likes_or_chars,N/A_TEXT,https://www.toutiao.com/article/7657816714508059170/,/workspace/AI_Media_Matrix/01_benchmark/creator_full_corpus/xiaolin_shuo/transcripts/7657816714508059170.txt,248eab9bd91d04593b68ca7e7c8226f31fe669c225c16b24aa0982db161f5674,AI巨头们之间的资本混战，到底是个什么情况？,NULL,0,81,7399,toutiao,xiaolin_shuo:COMPLETE_TEXT
230,xiaolin_shuo__yt_NYs-wpYp0bY,xiaolin_shuo,FULL_SPOKEN,CONTROL,views,NO,https://www.youtube.com/watch?v=NYs-wpYp0bY,/workspace/AI_Media_Matrix/01_benchmark/creator_full_corpus/_aggregate/b2_scale/oral/xiaolin_shuo/NYs-wpYp0bY.spoken.txt,80b852b2f4e4d245527d68d1299153976cec7e7b1f5c4f6bd018d06e040fc416,一口气了解A股上市,20250702,604115,10017,7666,youtube,xiaolin_shuo:FULL_SPOKEN
231,banfo_xianren__tt_7608892485716230656,banfo_xianren,COMPLETE_TEXT,MEDIAN,likes_or_chars,N/A_TEXT,https://www.toutiao.com/article/7608892485716230656/,/workspace/AI_Media_Matrix/01_benchmark/creator_full_corpus/banfo_xianren/transcripts/7608892485716230656.txt,d625ec144a59997a148f4c1254ef9a788b5211104c7eb9e941692991fad9213d,不管《镖人》好不好，我都心疼吴京的腰,2026-02-20 10:30,0,38,2621,toutiao,banfo_xianren:COMPLETE_TEXT
232,bidu__yt_u4Yipsf3Y24,bidu,FULL_SPOKEN,MEDIAN,views,YES_UNSAMPLED,https://www.youtube.com/watch?v=u4Yipsf3Y24,/workspace/AI_Media_Matrix/01_benchmark/creator_full_corpus/_aggregate/b2_scale/oral/bidu/u4Yipsf3Y24.spoken.txt,bc05cd50471ddd5b60902b1ab7753747a3bfa09f0813295f5d288e62f40aae15,单身狗速进！如何科学有效地脱单？The 37% rule in a relationship丨毕导THU,20191203,49688,1600,2076,youtube,bidu:FULL_SPOKEN
233,wenyifei_jijiu__tt_7600597907951075880,wenyifei_jijiu,COMPLETE_TEXT,MEDIAN,likes_or_chars,N/A_TEXT,https://www.toutiao.com/article/7600597907951075880/,/workspace/AI_Media_Matrix/01_benchmark/creator_full_corpus/wenyifei_jijiu/transcripts/7600597907951075880.txt,b902905f9f104e5a42c11060fd86b4ab5c68d1df62254868806c240decd8232c,32万亿存款即将到期，会流向股市或楼市吗？,2026-01-29 02:21,0,29,1820,toutiao,wenyifei_jijiu:COMPLETE_TEXT
234,hetongxue__yt_khdXzOVYljg,hetongxue,FULL_SPOKEN,MEDIAN,views,NO,https://www.youtube.com/watch?v=khdXzOVYljg,/workspace/AI_Media_Matrix/01_benchmark/creator_full_corpus/_aggregate/b2_scale/oral/hetongxue/khdXzOVYljg.spoken.txt,7c937f5ca10b1a0a105fe9b60f2edd5480583169e5c94e3bb1d3bb3e6a2bfa57,世界最亮手電筒？能切塑料的手工刀？何同學工作室4月開箱,20240430,114900,2404,5736,youtube,hetongxue:FULL_SPOKEN
235,banfo_xianren__tt_7685298719213765129,banfo_xianren,COMPLETE_TEXT,MEDIAN,likes_or_chars,N/A_TEXT,https://www.toutiao.com/article/7685298719213765129/,/workspace/AI_Media_Matrix/01_benchmark/creator_full_corpus/banfo_xianren/transcripts/7685298719213765129.txt,4cea3220a5e94b7f0c77f1fba182510be3e8603a518b50c6b6680940c397d5d2,霸王茶姬的茶叶蛋卖5块脑子咋想的？,NULL,0,35,1159,toutiao,banfo_xianren:COMPLETE_TEXT
236,bidu__yt_l9RMphp8ybA,bidu,FULL_SPOKEN,MEDIAN,views,YES_UNSAMPLED,https://www.youtube.com/watch?v=l9RMphp8ybA,/workspace/AI_Media_Matrix/01_benchmark/creator_full_corpus/_aggregate/b2_scale/oral/bidu/l9RMphp8ybA.spoken.txt,32139fb78b76237d2dfbbab681f9586e09506eb4f4ccd29ba60463d7a66d77a9,不要眨眼！黄色的蜂蜜倒进碗里，竟然变绿了？？😲#知識分享 #science #百科密码 #experiment #科學揭秘 #科普 #physics #冷知識 #knowledge #化学,20260727,48629,1461,938,youtube,bidu:FULL_SPOKEN
237,wenyifei_jijiu__tt_7506434546527650356,wenyifei_jijiu,COMPLETE_TEXT,MEDIAN,likes_or_chars,N/A_TEXT,https://www.toutiao.com/article/7506434546527650356/,/workspace/AI_Media_Matrix/01_benchmark/creator_full_corpus/wenyifei_jijiu/transcripts/7506434546527650356.txt,2074b65bb373c7d8e5d3c0304649ed5859275a89ef3a6b0d68da6fc1377afb0e,2035年中国男女寿命差距高达7年，是什么压垮了中国男人的寿命？,NULL,0,25,1385,toutiao,wenyifei_jijiu:COMPLETE_TEXT
238,hetongxue__yt_ic2qcE1gyTQ,hetongxue,FULL_SPOKEN,MEDIAN,views,NO,https://www.youtube.com/watch?v=ic2qcE1gyTQ,/workspace/AI_Media_Matrix/01_benchmark/creator_full_corpus/_aggregate/b2_scale/oral/hetongxue/ic2qcE1gyTQ.spoken.txt,cad39c9a7558417e5098cca7c87ee2d783e23ac573463c8b14dbdb54cf2dcaa5,為了找到最好喝的可樂，我請1000人喝了冰可樂...,20241018,88687,2192,1287,youtube,hetongxue:FULL_SPOKEN
239,banfo_xianren__tt_7580702840335680050,banfo_xianren,COMPLETE_TEXT,MEDIAN,likes_or_chars,N/A_TEXT,https://www.toutiao.com/article/7580702840335680050/,/workspace/AI_Media_Matrix/01_benchmark/creator_full_corpus/banfo_xianren/transcripts/7580702840335680050.txt,5f0d8efe7fc6e713f0a6023156de0e831e73c3290754107bb6126bd5c3092247,微信博弈豆包，人类准备好替AI坐牢了吗？,2025-12-06 11:19,0,34,1469,toutiao,banfo_xianren:COMPLETE_TEXT
240,bidu__yt_oId_Mjqz-8w,bidu,FULL_SPOKEN,MEDIAN,views,YES_UNSAMPLED,https://www.youtube.com/watch?v=oId_Mjqz-8w,/workspace/AI_Media_Matrix/01_benchmark/creator_full_corpus/_aggregate/b2_scale/oral/bidu/oId_Mjqz-8w.spoken.txt,b0093b8b73a1af3e874bcadafc134fe1094d9e7ac7ea4aeceadf9eaaf648a915,3分钟学会投硬币许愿，一发必中攒功德！#冷知识 #科普 #科学,20241118,46975,852,817,youtube,bidu:FULL_SPOKEN
241,wenyifei_jijiu__tt_7620726687323456051,wenyifei_jijiu,COMPLETE_TEXT,MEDIAN,likes_or_chars,N/A_TEXT,https://www.toutiao.com/article/7620726687323456051/,/workspace/AI_Media_Matrix/01_benchmark/creator_full_corpus/wenyifei_jijiu/transcripts/7620726687323456051.txt,c451def1edcb1f3890086aa1ffebfbe52c5bde0a6b96e1d51fe89c469da0037b,房子太小，影响生娃？“90/70”终结，大户型才是下一个黄金十年,2026-03-24 07:57,0,25,2413,toutiao,wenyifei_jijiu:COMPLETE_TEXT
242,hetongxue__yt_N862G-3Jh6Q,hetongxue,FULL_SPOKEN,MEDIAN,views,YES_UNSAMPLED,https://www.youtube.com/watch?v=N862G-3Jh6Q,/workspace/AI_Media_Matrix/01_benchmark/creator_full_corpus/_aggregate/b2_scale/oral/hetongxue/N862G-3Jh6Q.spoken.txt,929dc4c668f2a41929c331ccc0fc49fb06f90609517098ed98b8069fd04639a3,【何同学】我毕业了！！,20210725,87043,2860,1058,youtube,hetongxue:FULL_SPOKEN
243,banfo_xianren__tt_7564361963703140904,banfo_xianren,COMPLETE_TEXT,MEDIAN,likes_or_chars,N/A_TEXT,https://www.toutiao.com/article/7564361963703140904/,/workspace/AI_Media_Matrix/01_benchmark/creator_full_corpus/banfo_xianren/transcripts/7564361963703140904.txt,41dba7a32b47dcdf8db905f205f631ae7483dfa9eb46c578466575f84c5b73ab,小米面对的舆论风波还是太温柔了,2025-10-23 10:29,0,30,1457,toutiao,banfo_xianren:COMPLETE_TEXT
244,bidu__yt_152w4-Vnp80,bidu,FULL_SPOKEN,MEDIAN,views,YES_UNSAMPLED,https://www.youtube.com/watch?v=152w4-Vnp80,/workspace/AI_Media_Matrix/01_benchmark/creator_full_corpus/_aggregate/b2_scale/oral/bidu/152w4-Vnp80.spoken.txt,01614d8864c46e48090302711ee42577b22cc031fbc24508a6d264d305fc18bd,如何一口吃完室友的泡面？绝活，我只教一遍,20231224,40770,614,288,youtube,bidu:FULL_SPOKEN
245,wenyifei_jijiu__tt_7597280314272825899,wenyifei_jijiu,COMPLETE_TEXT,MEDIAN,likes_or_chars,N/A_TEXT,https://www.toutiao.com/article/7597280314272825899/,/workspace/AI_Media_Matrix/01_benchmark/creator_full_corpus/wenyifei_jijiu/transcripts/7597280314272825899.txt,d8d75fa60dcc27bf94c22d8e776e9d4e3681a88c0c1187de5077a80b113f19fa,锐评2025年各大资产涨跌情况由夯到拉排名！,2026-01-20 03:37,0,23,1407,toutiao,wenyifei_jijiu:COMPLETE_TEXT
246,hetongxue__yt_h_NnHgmB530,hetongxue,FULL_SPOKEN,MEDIAN,views,NO,https://www.youtube.com/watch?v=h_NnHgmB530,/workspace/AI_Media_Matrix/01_benchmark/creator_full_corpus/_aggregate/b2_scale/oral/hetongxue/h_NnHgmB530.spoken.txt,1f0ecf2dca166de93f298c8177bf1064b2f5e8522a4215bf4a2ed8624f8c600b,為了幫粉絲放牛，我們做了這個...,20251118,85663,2962,4709,youtube,hetongxue:FULL_SPOKEN
247,banfo_xianren__tt_7680083230761976330,banfo_xianren,COMPLETE_TEXT,MEDIAN,likes_or_chars,N/A_TEXT,https://www.toutiao.com/article/7680083230761976330/,/workspace/AI_Media_Matrix/01_benchmark/creator_full_corpus/banfo_xianren/transcripts/7680083230761976330.txt,4499aa254bf85627a3ffbd0a4a7f465bb88b00d9e3f964f10667d09881845181,盒马闭店，打房东的脸？,NULL,0,29,1101,toutiao,banfo_xianren:COMPLETE_TEXT
248,bidu__yt_5USj3oNgpJg,bidu,FULL_SPOKEN,MEDIAN,views,YES_UNSAMPLED,https://www.youtube.com/watch?v=5USj3oNgpJg,/workspace/AI_Media_Matrix/01_benchmark/creator_full_corpus/_aggregate/b2_scale/oral/bidu/5USj3oNgpJg.spoken.txt,ad8f49fd8ea56a5a386ddde10e84002d74a8b05a740d0a44279b205df14adab5,1分钟，教你口算出宇宙的年龄！#宇宙 #冷知识 #科学,20240809,39651,766,937,youtube,bidu:FULL_SPOKEN
249,wenyifei_jijiu__tt_7683456840096662025,wenyifei_jijiu,COMPLETE_TEXT,MEDIAN,likes_or_chars,N/A_TEXT,https://www.toutiao.com/article/7683456840096662025/,/workspace/AI_Media_Matrix/01_benchmark/creator_full_corpus/wenyifei_jijiu/transcripts/7683456840096662025.txt,0cab84f21da6ec25cc1f7c977b3358d02e6d2dc6f53190069dc5a90c6fc988b9,花100万补课，毕业只能挣6000？中国家长到底在卷什么？,2026-09-09 17:23,0,0,1538,toutiao,wenyifei_jijiu:COMPLETE_TEXT
250,hetongxue__yt_-NkxRoyHuzY,hetongxue,FULL_SPOKEN,MEDIAN,views,NO,https://www.youtube.com/watch?v=-NkxRoyHuzY,/workspace/AI_Media_Matrix/01_benchmark/creator_full_corpus/_aggregate/b2_scale/oral/hetongxue/-NkxRoyHuzY.spoken.txt,43f27de123063810aac4875f786db68fda8f76da8649070fb5afb1e335fdd6ac,去了趟蘋果在上海的實驗室...,20240927,61266,1036,821,youtube,hetongxue:FULL_SPOKEN
251,banfo_xianren__tt_7679005001057894922,banfo_xianren,COMPLETE_TEXT,MEDIAN,likes_or_chars,N/A_TEXT,https://www.toutiao.com/article/7679005001057894922/,/workspace/AI_Media_Matrix/01_benchmark/creator_full_corpus/banfo_xianren/transcripts/7679005001057894922.txt,e368b3104975752dedc0532f9ce4f0ebda15223edf298d2401f9002519a6fcb8,瑞幸的精神状态很令人担心,NULL,0,25,1646,toutiao,banfo_xianren:COMPLETE_TEXT
252,bidu__yt_SPJTm6g3l64,bidu,FULL_SPOKEN,CONTROL,views,YES_UNSAMPLED,https://www.youtube.com/watch?v=SPJTm6g3l64,/workspace/AI_Media_Matrix/01_benchmark/creator_full_corpus/_aggregate/b2_scale/oral/bidu/SPJTm6g3l64.spoken.txt,cb91bab11f39213fcb0591148a0570bdfd51f2e21437180eb6f6aa4322b65348,女生勿进！男生尿尿时如何防止液体溅到脚上？Urodynamics during pee？丨毕导THU,20191126,37538,1122,248,youtube,bidu:FULL_SPOKEN
253,wenyifei_jijiu__tt_7680074158981513791,wenyifei_jijiu,COMPLETE_TEXT,CONTROL,likes_or_chars,N/A_TEXT,https://www.toutiao.com/article/7680074158981513791/,/workspace/AI_Media_Matrix/01_benchmark/creator_full_corpus/wenyifei_jijiu/transcripts/7680074158981513791.txt,bb0b2fd7d3d4387c3eb2f26183eb0b2dd6bffcfceaa5840e3c728ced22f70df9,断亲潮背后：30年城镇化率翻倍，为何亲戚成了最熟悉的陌生人？,NULL,0,0,1224,toutiao,wenyifei_jijiu:COMPLETE_TEXT
254,hetongxue__yt_QmNMGGU1g00,hetongxue,FULL_SPOKEN,CONTROL,views,NO,https://www.youtube.com/watch?v=QmNMGGU1g00,/workspace/AI_Media_Matrix/01_benchmark/creator_full_corpus/_aggregate/b2_scale/oral/hetongxue/QmNMGGU1g00.spoken.txt,bf1599ef86864eecc4e7417c14742adcce85dce8ec653adfffe7ece60596410f,為了幫粉絲走路，我們做了這個...,20260612,61166,3815,1903,youtube,hetongxue:FULL_SPOKEN
255,banfo_xianren__tt_7633757101394788918,banfo_xianren,COMPLETE_TEXT,MEDIAN,likes_or_chars,N/A_TEXT,https://www.toutiao.com/article/7633757101394788918/,/workspace/AI_Media_Matrix/01_benchmark/creator_full_corpus/banfo_xianren/transcripts/7633757101394788918.txt,06a486700c56eaa63e0bb3bcb6f4cb0780f556f3160430cfe208d387169398a6,又走了4个主播，东方甄选笑了,2026-04-28 10:57,0,25,1646,toutiao,banfo_xianren:COMPLETE_TEXT
256,bidu__yt_fSs_2aA1jGw,bidu,FULL_SPOKEN,CONTROL,views,YES_UNSAMPLED,https://www.youtube.com/watch?v=fSs_2aA1jGw,/workspace/AI_Media_Matrix/01_benchmark/creator_full_corpus/_aggregate/b2_scale/oral/bidu/fSs_2aA1jGw.spoken.txt,d462c0112e6184b2a1cba91655000ab0befa99dd11c0b0f7f1561cf647853772,两个蛋对撞，如何避免自己的蛋碎？,20240115,28969,579,831,youtube,bidu:FULL_SPOKEN
257,wenyifei_jijiu__tt_7680003644301591081,wenyifei_jijiu,COMPLETE_TEXT,CONTROL,likes_or_chars,N/A_TEXT,https://www.toutiao.com/article/7680003644301591081/,/workspace/AI_Media_Matrix/01_benchmark/creator_full_corpus/wenyifei_jijiu/transcripts/7680003644301591081.txt,1b95ac24cef1ba8b6d6457e8f34328157b8a17b4f5be466d82e8c9559ee3e548,3200亿活水涌向租房市场！不买房也能吃红利，你能分多少？,NULL,0,0,1941,toutiao,wenyifei_jijiu:COMPLETE_TEXT
258,hetongxue__yt_NXbDfXr8w3Y,hetongxue,FULL_SPOKEN,CONTROL,views,NO,https://www.youtube.com/watch?v=NXbDfXr8w3Y,/workspace/AI_Media_Matrix/01_benchmark/creator_full_corpus/_aggregate/b2_scale/oral/hetongxue/NXbDfXr8w3Y.spoken.txt,34c20ee2dd3c6d3c1120e53034e2a94afc5d19d4395491b3f792aa3ba0018286,三代封神！那四代呢？大疆Pocket 4首發體驗,20260416,57453,1022,3409,youtube,hetongxue:FULL_SPOKEN
259,banfo_xianren__tt_7566939561138422281,banfo_xianren,COMPLETE_TEXT,MEDIAN,likes_or_chars,N/A_TEXT,https://www.toutiao.com/article/7566939561138422281/,/workspace/AI_Media_Matrix/01_benchmark/creator_full_corpus/banfo_xianren/transcripts/7566939561138422281.txt,efc05d638d69ece701958d95887c2806ff2a1420768f1e2cfce492aa762bec4b,在海底捞面前，日料还是太弱了,2025-10-30 09:11,0,23,1309,toutiao,banfo_xianren:COMPLETE_TEXT
260,bidu__yt_-8RLg3epEIc,bidu,FULL_SPOKEN,CONTROL,views,YES_UNSAMPLED,https://www.youtube.com/watch?v=-8RLg3epEIc,/workspace/AI_Media_Matrix/01_benchmark/creator_full_corpus/_aggregate/b2_scale/oral/bidu/-8RLg3epEIc.spoken.txt,974d6ae79f2fe015e55a30ca15c3d527d7b8baa4189de38cb77e1c03b00257a6,听到今年诺贝尔物理奖的结果，诺贝尔连夜转码了…… #诺贝尔物理奖 #诺贝尔 #诺贝尔奖,20241012,27669,597,604,youtube,bidu:FULL_SPOKEN
261,wenyifei_jijiu__tt_7679325953276854838,wenyifei_jijiu,COMPLETE_TEXT,CONTROL,likes_or_chars,N/A_TEXT,https://www.toutiao.com/article/7679325953276854838/,/workspace/AI_Media_Matrix/01_benchmark/creator_full_corpus/wenyifei_jijiu/transcripts/7679325953276854838.txt,fcbfdb7d73d1dd43875036af9065bfa618bfdf14cc6a1baac31a89b756398956,年赚700万的厂子只卖2000万！这波财富转移红利，普通人咋复制？,NULL,0,0,1218,toutiao,wenyifei_jijiu:COMPLETE_TEXT
262,hetongxue__yt_m5tWy90A2_w,hetongxue,FULL_SPOKEN,CONTROL,views,NO,https://www.youtube.com/watch?v=m5tWy90A2_w,/workspace/AI_Media_Matrix/01_benchmark/creator_full_corpus/_aggregate/b2_scale/oral/hetongxue/m5tWy90A2_w.spoken.txt,87d7d4ab7bb4d288d972e4184b0cf727d3c91e8e1e0a512c9cb7fc6692fad4fe,被新員工打了。,20240907,50659,1051,323,youtube,hetongxue:FULL_SPOKEN
263,banfo_xianren__tt_7686816988957524534,banfo_xianren,COMPLETE_TEXT,MEDIAN,likes_or_chars,N/A_TEXT,https://www.toutiao.com/article/7686816988957524534/,/workspace/AI_Media_Matrix/01_benchmark/creator_full_corpus/banfo_xianren/transcripts/7686816988957524534.txt,dd2ba5d6c3a678b270496e4d17c529915185cc787f98aca6326f9734d9598324,为什么说送礼上山姆是一种新民俗？,2026-09-18 18:16,0,22,2951,toutiao,banfo_xianren:COMPLETE_TEXT
264,bidu__yt_sEM3uErstSg,bidu,FULL_SPOKEN,CONTROL,views,YES_UNSAMPLED,https://www.youtube.com/watch?v=sEM3uErstSg,/workspace/AI_Media_Matrix/01_benchmark/creator_full_corpus/_aggregate/b2_scale/oral/bidu/sEM3uErstSg.spoken.txt,1b6c8367acefa22cd023b9f8d63811107063bc3916db34aac49bdebf4ba375b7,或许是史上最枯燥的vlog——看电镜！#电镜 #科学 #科普,20240701,25716,420,539,youtube,bidu:FULL_SPOKEN
265,wenyifei_jijiu__tt_7675950027579146793,wenyifei_jijiu,COMPLETE_TEXT,CONTROL,likes_or_chars,N/A_TEXT,https://www.toutiao.com/article/7675950027579146793/,/workspace/AI_Media_Matrix/01_benchmark/creator_full_corpus/wenyifei_jijiu/transcripts/7675950027579146793.txt,c1fe2556f02c4f7591b74873fa8fb59339ff4d4dc2f285578a905d4d8e55559f,互联网上的干货明明随处可得，为何咱普通人却依旧很难赚到钱？,NULL,0,0,1897,toutiao,wenyifei_jijiu:COMPLETE_TEXT
266,hetongxue__yt_VD4Woyht7EU,hetongxue,FULL_SPOKEN,CONTROL,views,NO,https://www.youtube.com/watch?v=VD4Woyht7EU,/workspace/AI_Media_Matrix/01_benchmark/creator_full_corpus/_aggregate/b2_scale/oral/hetongxue/VD4Woyht7EU.spoken.txt,5b66f59982382392de05a81bf626cffc7c69b38c6e30b47b6e43ea3e288479aa,iPhone 16 系列上手體驗！,20240909,48838,790,726,youtube,hetongxue:FULL_SPOKEN
267,banfo_xianren__tt_7681251038065590818,banfo_xianren,COMPLETE_TEXT,MEDIAN,likes_or_chars,N/A_TEXT,https://www.toutiao.com/article/7681251038065590818/,/workspace/AI_Media_Matrix/01_benchmark/creator_full_corpus/banfo_xianren/transcripts/7681251038065590818.txt,8eb35d96b6f026809d7052ac78622867221d1028cafc34a1700a89f613da3eb8,健身房要客户出示结婚证是疯了么？,NULL,0,21,801,toutiao,banfo_xianren:COMPLETE_TEXT
268,bidu__yt_A0FmkFEWe-E,bidu,FULL_SPOKEN,CONTROL,views,YES_UNSAMPLED,https://www.youtube.com/watch?v=A0FmkFEWe-E,/workspace/AI_Media_Matrix/01_benchmark/creator_full_corpus/_aggregate/b2_scale/oral/bidu/A0FmkFEWe-E.spoken.txt,93c0279a6f87fc0a23670afe1c7927dc268e2c12a2a5ed0ec5575b598a0324ea,【毕导】你真的该读研吗？读研就注定搞科研吗？,20200309,22440,586,523,youtube,bidu:FULL_SPOKEN
269,wenyifei_jijiu__tt_7675621509875925530,wenyifei_jijiu,COMPLETE_TEXT,CONTROL,likes_or_chars,N/A_TEXT,https://www.toutiao.com/article/7675621509875925530/,/workspace/AI_Media_Matrix/01_benchmark/creator_full_corpus/wenyifei_jijiu/transcripts/7675621509875925530.txt,54a8cdfedfac936f2206a96cc081358a3236a034b87df4bdaa46c4a6edb54c12,一个城市顶半个省！它能逆袭只做对了一件事？现在知道还不晚！,NULL,0,0,2242,toutiao,wenyifei_jijiu:COMPLETE_TEXT
270,hetongxue__yt_qgqr3gvQsGQ,hetongxue,FULL_SPOKEN,CONTROL,views,NO,https://www.youtube.com/watch?v=qgqr3gvQsGQ,/workspace/AI_Media_Matrix/01_benchmark/creator_full_corpus/_aggregate/b2_scale/oral/hetongxue/qgqr3gvQsGQ.spoken.txt,aa7f13f1bebc1c451233733c556dddfa64f9744c1fb4c72483506237427a04e5,我們種了一片晶體森林...,20241223,48022,1970,698,youtube,hetongxue:FULL_SPOKEN
271,banfo_xianren__tt_7678649571081257482,banfo_xianren,COMPLETE_TEXT,MEDIAN,likes_or_chars,N/A_TEXT,https://www.toutiao.com/article/7678649571081257482/,/workspace/AI_Media_Matrix/01_benchmark/creator_full_corpus/banfo_xianren/transcripts/7678649571081257482.txt,89718446174ff3716c2578afb6dc0c983ad49048411f3c6cf3236cd8108ee55c,消杀公司长期用敌敌畏给餐馆消杀，饭店已经开始笑了,NULL,0,21,936,toutiao,banfo_xianren:COMPLETE_TEXT
272,bidu__yt_EC4k4q8URoo,bidu,FULL_SPOKEN,CONTROL,views,YES_UNSAMPLED,https://www.youtube.com/watch?v=EC4k4q8URoo,/workspace/AI_Media_Matrix/01_benchmark/creator_full_corpus/_aggregate/b2_scale/oral/bidu/EC4k4q8URoo.spoken.txt,6a0b3a911eaf2e84d64fd973b17e0104800f9a817f503662f75dd4239d8fc0dc,你听着是咪咪还是咕噜？听完我差点跟儿子绝交...,20231222,21228,334,536,youtube,bidu:FULL_SPOKEN
273,wenyifei_jijiu__tt_7669656437597012521,wenyifei_jijiu,COMPLETE_TEXT,CONTROL,likes_or_chars,N/A_TEXT,https://www.toutiao.com/article/7669656437597012521/,/workspace/AI_Media_Matrix/01_benchmark/creator_full_corpus/wenyifei_jijiu/transcripts/7669656437597012521.txt,d0fa36ae23bd681071931199af3bfebb62e5312274ef08255c38f5b4a02be717,日元为何跌成废纸？高市早苗支持率腰斩，日本三条后路全堵死了！,NULL,0,0,2539,toutiao,wenyifei_jijiu:COMPLETE_TEXT
274,hetongxue__yt_gKPk7c4tn0U,hetongxue,FULL_SPOKEN,CONTROL,views,NO,https://www.youtube.com/watch?v=gKPk7c4tn0U,/workspace/AI_Media_Matrix/01_benchmark/creator_full_corpus/_aggregate/b2_scale/oral/hetongxue/gKPk7c4tn0U.spoken.txt,9240969fe6a4208d73eb4de6aed231f47acb12a797ef0d0d26f306d9435b6176,我們拍了個擦鏡布廣告...,20250214,43886,873,1489,youtube,hetongxue:FULL_SPOKEN
275,banfo_xianren__tt_7675691786987258403,banfo_xianren,COMPLETE_TEXT,MEDIAN,likes_or_chars,N/A_TEXT,https://www.toutiao.com/article/7675691786987258403/,/workspace/AI_Media_Matrix/01_benchmark/creator_full_corpus/banfo_xianren/transcripts/7675691786987258403.txt,9574627886be909626aff48a77ae290fefcb2176cd505ff2ca6165948442c2c5,郭富城开上X9，直接绷不住了,NULL,0,21,2345,toutiao,banfo_xianren:COMPLETE_TEXT
276,bidu__yt_AzmfXWA6Eqg,bidu,FULL_SPOKEN,CONTROL,views,YES_UNSAMPLED,https://www.youtube.com/watch?v=AzmfXWA6Eqg,/workspace/AI_Media_Matrix/01_benchmark/creator_full_corpus/_aggregate/b2_scale/oral/bidu/AzmfXWA6Eqg.spoken.txt,bb21c00485c20b2f482834c671684442d4fc8fd6c5f5d450fa1034fc319a6a52,诺贝尔化学奖，又是AI？？留给诺贝尔转码的时间不多了...#诺贝尔奖 #诺贝尔化学奖 #ai,20241010,20784,389,875,youtube,bidu:FULL_SPOKEN
277,wenyifei_jijiu__tt_7669717677795033651,wenyifei_jijiu,COMPLETE_TEXT,CONTROL,likes_or_chars,N/A_TEXT,https://www.toutiao.com/article/7669717677795033651/,/workspace/AI_Media_Matrix/01_benchmark/creator_full_corpus/wenyifei_jijiu/transcripts/7669717677795033651.txt,3941509d9a8e8d66d3f17390bf55894f2c27fe764b08a7cbf3b22f6d8e8c8149,蔡崇信离婚，跟7月刚出的海外信托征税新规有关系吗？没有！,NULL,0,0,1159,toutiao,wenyifei_jijiu:COMPLETE_TEXT
278,hetongxue__yt_5A8jzd0wlOQ,hetongxue,FULL_SPOKEN,CONTROL,views,NO,https://www.youtube.com/watch?v=5A8jzd0wlOQ,/workspace/AI_Media_Matrix/01_benchmark/creator_full_corpus/_aggregate/b2_scale/oral/hetongxue/5A8jzd0wlOQ.spoken.txt,911368c3055d674cc5de0704a4a3bd9c7891f58266703fd626be63cd4214960f,公開我們的絕密數據,20250214,42617,946,1484,youtube,hetongxue:FULL_SPOKEN
279,banfo_xianren__tt_7682757634528674347,banfo_xianren,COMPLETE_TEXT,MEDIAN,likes_or_chars,N/A_TEXT,https://www.toutiao.com/article/7682757634528674347/,/workspace/AI_Media_Matrix/01_benchmark/creator_full_corpus/banfo_xianren/transcripts/7682757634528674347.txt,e31802ae39e3ddfe6aaa7425b56038e34159eefb9191081c684e15ed1114957a,下一代的孩子，还会知道原神吗？,NULL,0,18,10374,toutiao,banfo_xianren:COMPLETE_TEXT
280,bidu__yt_j0iDeQtNvcw,bidu,FULL_SPOKEN,CONTROL,views,YES_UNSAMPLED,https://www.youtube.com/watch?v=j0iDeQtNvcw,/workspace/AI_Media_Matrix/01_benchmark/creator_full_corpus/_aggregate/b2_scale/oral/bidu/j0iDeQtNvcw.spoken.txt,ad1e486d391118a19e1a2ac0ee3cf63722bb16863bf1ddfef3b165f0ba8e4c52,【毕导VLOG】5000多块一晚，睡过之后果然是个坑,20200121,13117,164,313,youtube,bidu:FULL_SPOKEN
281,wenyifei_jijiu__tt_7669655912588411398,wenyifei_jijiu,COMPLETE_TEXT,CONTROL,likes_or_chars,N/A_TEXT,https://www.toutiao.com/article/7669655912588411398/,/workspace/AI_Media_Matrix/01_benchmark/creator_full_corpus/wenyifei_jijiu/transcripts/7669655912588411398.txt,99d6880f63d31c0413566e2853f9746bc66641020533bfbaa4b988129ae4d638,中东大变局！沙特十年布下一盘大棋，这场机遇中国不能丢！,NULL,0,0,2251,toutiao,wenyifei_jijiu:COMPLETE_TEXT
282,hetongxue__yt_HE8bnnBwQVQ,hetongxue,FULL_SPOKEN,CONTROL,views,NO,https://www.youtube.com/watch?v=HE8bnnBwQVQ,/workspace/AI_Media_Matrix/01_benchmark/creator_full_corpus/_aggregate/b2_scale/oral/hetongxue/HE8bnnBwQVQ.spoken.txt,547eb5cc8c6f43eb0384b3b83c8d548d76058d8a9a40e42c42f6365b47b376ea,新iPad Pro現場上手！,20240507,40250,597,751,youtube,hetongxue:FULL_SPOKEN
283,banfo_xianren__tt_7626712180183908910,banfo_xianren,COMPLETE_TEXT,MEDIAN,likes_or_chars,N/A_TEXT,https://www.toutiao.com/article/7626712180183908910/,/workspace/AI_Media_Matrix/01_benchmark/creator_full_corpus/banfo_xianren/transcripts/7626712180183908910.txt,4105582f545cbc76cf2b8314707975011cccbdeeb4fd9fbd3815b6c8d105872e,罗技别研究新媒体了，抓紧去研究黑丝吧,2026-04-09 10:59,0,18,1722,toutiao,banfo_xianren:COMPLETE_TEXT
284,bidu__yt_xHgsliDz7vE,bidu,FULL_SPOKEN,CONTROL,views,YES_UNSAMPLED,https://www.youtube.com/watch?v=xHgsliDz7vE,/workspace/AI_Media_Matrix/01_benchmark/creator_full_corpus/_aggregate/b2_scale/oral/bidu/xHgsliDz7vE.spoken.txt,c76a0ba3f27d42639c078416c6520284b74ea35016176aedbb34cabcacf8f2aa,电磁力是如何给你一份美满爱情的？How does electromagnetic force give you a happy love?丨毕导THU,20200114,12402,342,1023,youtube,bidu:FULL_SPOKEN
285,wenyifei_jijiu__tt_7668923755036443186,wenyifei_jijiu,COMPLETE_TEXT,CONTROL,likes_or_chars,N/A_TEXT,https://www.toutiao.com/article/7668923755036443186/,/workspace/AI_Media_Matrix/01_benchmark/creator_full_corpus/wenyifei_jijiu/transcripts/7668923755036443186.txt,bd45392b173fdac47865e39a4f3e7dbfec0a9e9324b67bb848bff9aa16ca53c9,蔡崇信离婚，跟7月刚出的海外信托征税新规有关系吗？没有！,NULL,0,0,1160,toutiao,wenyifei_jijiu:COMPLETE_TEXT
286,hetongxue__yt_Z5c6fj1NR8g,hetongxue,FULL_SPOKEN,CONTROL,views,NO,https://www.youtube.com/watch?v=Z5c6fj1NR8g,/workspace/AI_Media_Matrix/01_benchmark/creator_full_corpus/_aggregate/b2_scale/oral/hetongxue/Z5c6fj1NR8g.spoken.txt,684ac4bb0f6eb63858671703df414cb86fe5da0838318748bc323a5a1aead2f7,這竟然是40多年前的東西了嗎,20240308,27310,729,542,youtube,hetongxue:FULL_SPOKEN
287,banfo_xianren__tt_7663459486601871907,banfo_xianren,COMPLETE_TEXT,MEDIAN,likes_or_chars,N/A_TEXT,https://www.toutiao.com/article/7663459486601871907/,/workspace/AI_Media_Matrix/01_benchmark/creator_full_corpus/banfo_xianren/transcripts/7663459486601871907.txt,f6a4130b58c52bc55f493050f81da8aae563d6207802dc468815ea86220babb0,京东健康减重，王多鱼都得疯,2026-07-17 11:38,0,18,2530,toutiao,banfo_xianren:COMPLETE_TEXT
288,bidu__yt_hZJrS7HNPaI,bidu,FULL_SPOKEN,CONTROL,views,YES_UNSAMPLED,https://www.youtube.com/watch?v=hZJrS7HNPaI,/workspace/AI_Media_Matrix/01_benchmark/creator_full_corpus/_aggregate/b2_scale/oral/bidu/hZJrS7HNPaI.spoken.txt,ecefe0e2b97d8fd6f0a5fa9caa272694bac7424ea3c6cb1a12af2bf2d4a0058b,哪个乐器听起来最像屁？你的音乐天赋，竟然不如一个屁……,20240119,12160,177,355,youtube,bidu:FULL_SPOKEN
289,wenyifei_jijiu__tt_7667851770949632566,wenyifei_jijiu,COMPLETE_TEXT,CONTROL,likes_or_chars,N/A_TEXT,https://www.toutiao.com/article/7667851770949632566/,/workspace/AI_Media_Matrix/01_benchmark/creator_full_corpus/wenyifei_jijiu/transcripts/7667851770949632566.txt,5c3af04064c72e634bd80ed39434a70c8742c40dfbc750fb6bf06a74c224f9a9,韩国股市暴跌散户爆仓！合肥十年前布的一颗棋子，动了韩国国运,NULL,0,0,1494,toutiao,wenyifei_jijiu:COMPLETE_TEXT
290,hetongxue__yt_knXQ0jUW-Ns,hetongxue,FULL_SPOKEN,CONTROL,views,NO,https://www.youtube.com/watch?v=knXQ0jUW-Ns,/workspace/AI_Media_Matrix/01_benchmark/creator_full_corpus/_aggregate/b2_scale/oral/hetongxue/knXQ0jUW-Ns.spoken.txt,2f97a31864de4ec9ea68456e195e98b5a1e6d4e69c8640635fad7a6bd2d36e77,WWDC26我最喜歡的5個新功能,20260609,26746,572,1581,youtube,hetongxue:FULL_SPOKEN
291,banfo_xianren__tt_7677529176237752874,banfo_xianren,COMPLETE_TEXT,MEDIAN,likes_or_chars,N/A_TEXT,https://www.toutiao.com/article/7677529176237752874/,/workspace/AI_Media_Matrix/01_benchmark/creator_full_corpus/banfo_xianren/transcripts/7677529176237752874.txt,584d01fcd120a571c1c53678706eb46ee70263c6c0ab4aa46ac98cc49558e281,平台们正在用AI对抗AI,NULL,0,17,1737,toutiao,banfo_xianren:COMPLETE_TEXT
292,bidu__yt_gxilgGd5UHo,bidu,FULL_SPOKEN,CONTROL,views,YES_UNSAMPLED,https://www.youtube.com/watch?v=gxilgGd5UHo,/workspace/AI_Media_Matrix/01_benchmark/creator_full_corpus/_aggregate/b2_scale/oral/bidu/gxilgGd5UHo.spoken.txt,ad5ea60fc9c47379810cb45d9bce40daa435b6f602699b1b9300dc19e3d7fa85,勇闯西安魔幻酒店！记我和兵马俑共处一室的24小时丨毕导VLOG001,20200107,9939,154,342,youtube,bidu:FULL_SPOKEN
293,wenyifei_jijiu__tt_7667851396830233124,wenyifei_jijiu,COMPLETE_TEXT,CONTROL,likes_or_chars,N/A_TEXT,https://www.toutiao.com/article/7667851396830233124/,/workspace/AI_Media_Matrix/01_benchmark/creator_full_corpus/wenyifei_jijiu/transcripts/7667851396830233124.txt,74170c41d7802e0edabe7926673c1350bdd91d28f685f18301145cef496c6d21,广东科创人才扎堆崛起！90后集体刷屏，凭什么领跑全国创新赛道？,NULL,0,0,1777,toutiao,wenyifei_jijiu:COMPLETE_TEXT
294,hetongxue__yt_OuBZ2m2DRYI,hetongxue,FULL_SPOKEN,CONTROL,views,NO,https://www.youtube.com/watch?v=OuBZ2m2DRYI,/workspace/AI_Media_Matrix/01_benchmark/creator_full_corpus/_aggregate/b2_scale/oral/hetongxue/OuBZ2m2DRYI.spoken.txt,856168aaffddbb204936943be37e714c8338e4d547a16e8bc5665a94bd0c2173,今年WWDC最有用的十個新功能,20240611,26350,464,1549,youtube,hetongxue:FULL_SPOKEN
295,banfo_xianren__tt_7653054479461253684,banfo_xianren,COMPLETE_TEXT,MEDIAN,likes_or_chars,N/A_TEXT,https://www.toutiao.com/article/7653054479461253684/,/workspace/AI_Media_Matrix/01_benchmark/creator_full_corpus/banfo_xianren/transcripts/7653054479461253684.txt,d795150fca3e29b81fb0cc629e8d7645440b1e92b7de88a7da6f8ba2d60d2e07,京东MALL，不按套路,2026-06-19 10:41,0,17,3371,toutiao,banfo_xianren:COMPLETE_TEXT
296,bidu__yt_gGSipBqT7nQ,bidu,FULL_SPOKEN,CONTROL,views,YES_UNSAMPLED,https://www.youtube.com/watch?v=gGSipBqT7nQ,/workspace/AI_Media_Matrix/01_benchmark/creator_full_corpus/_aggregate/b2_scale/oral/bidu/gGSipBqT7nQ.spoken.txt,2a326a63a0108e8858335b7a98f586f679334278550480dbe690da40b31589dc,【毕导VLOG】山东蓝翔初体验：开挖掘机太赤鸡了吧！！！,20200131,6935,105,535,youtube,bidu:FULL_SPOKEN
297,wenyifei_jijiu__tt_7667031250318443062,wenyifei_jijiu,COMPLETE_TEXT,CONTROL,likes_or_chars,N/A_TEXT,https://www.toutiao.com/article/7667031250318443062/,/workspace/AI_Media_Matrix/01_benchmark/creator_full_corpus/wenyifei_jijiu/transcripts/7667031250318443062.txt,45fe09e19f2039ded616a7b76779d9964df261d30135ec0a4d9ac86ba969606f,川豫鄂GDP都杀入全国前七了，为什么还要给它们转移支付？,NULL,0,0,2156,toutiao,wenyifei_jijiu:COMPLETE_TEXT
298,hetongxue__yt_J5Mn9glb-mw,hetongxue,FULL_SPOKEN,CONTROL,views,NO,https://www.youtube.com/watch?v=J5Mn9glb-mw,/workspace/AI_Media_Matrix/01_benchmark/creator_full_corpus/_aggregate/b2_scale/oral/hetongxue/J5Mn9glb-mw.spoken.txt,92ccdaa7f18218e214cd27e63b1371f01d2d27540b42c377368f01c1a306b815,3000萬人看過的晶體森林，到底要怎麼拍？,20250103,22349,531,914,youtube,hetongxue:FULL_SPOKEN
299,banfo_xianren__tt_7673065488091480576,banfo_xianren,COMPLETE_TEXT,MEDIAN,likes_or_chars,N/A_TEXT,https://www.toutiao.com/article/7673065488091480576/,/workspace/AI_Media_Matrix/01_benchmark/creator_full_corpus/banfo_xianren/transcripts/7673065488091480576.txt,b4c8f6a5ec49fecab6c53664492597b1cbf073b78e4947be3d2445791d5e7a55,安克这群人不太对劲,2026-08-12 08:54,0,16,6293,toutiao,banfo_xianren:COMPLETE_TEXT
300,bidu__yt_zXJ8GGbvJ5w,bidu,FULL_SPOKEN,CONTROL,views,PENDING_QA,https://www.youtube.com/watch?v=zXJ8GGbvJ5w,/workspace/AI_Media_Matrix/01_benchmark/creator_full_corpus/_aggregate/b2_scale/oral/bidu/zXJ8GGbvJ5w.spoken.txt,0bf98792fde2a2f2788d421bc78f83c21252725cde5be665b41475ad8bd6e11b,,,0,0,274,youtube,bidu:FULL_SPOKEN
301,wenyifei_jijiu__tt_7662603416278958634,wenyifei_jijiu,COMPLETE_TEXT,CONTROL,likes_or_chars,N/A_TEXT,https://www.toutiao.com/article/7662603416278958634/,/workspace/AI_Media_Matrix/01_benchmark/creator_full_corpus/wenyifei_jijiu/transcripts/7662603416278958634.txt,7acccf038d68a2fa6584bd237e2702cf2cc41ba7b6cb09c0d00f1df01366bbe0,月薪一万和两万实差5倍？单休双休只差一天，自由时间却被腰斩！,NULL,0,0,1347,toutiao,wenyifei_jijiu:COMPLETE_TEXT
302,hetongxue__yt_9vnr69Lg4_I,hetongxue,FULL_SPOKEN,CONTROL,views,PENDING_QA,https://www.youtube.com/watch?v=9vnr69Lg4_I,/workspace/AI_Media_Matrix/01_benchmark/creator_full_corpus/_aggregate/b2_scale/oral/hetongxue/9vnr69Lg4_I.spoken.txt,fb433cf9f4d99e56ea94fd70161dd54e806a9eb893c999c4432bb71e02d012e9,,,0,0,14184,youtube,hetongxue:FULL_SPOKEN
303,banfo_xianren__tt_7653410932441236014,banfo_xianren,COMPLETE_TEXT,MEDIAN,likes_or_chars,N/A_TEXT,https://www.toutiao.com/article/7653410932441236014/,/workspace/AI_Media_Matrix/01_benchmark/creator_full_corpus/banfo_xianren/transcripts/7653410932441236014.txt,1917fed5c05f1ce2c5e192f197fac850a12c7d0af917eea8f25286f8d73b0169,星聚会KTV救了我的命,2026-06-20 09:44,0,16,2685,toutiao,banfo_xianren:COMPLETE_TEXT
304,bidu__yt_aDGyz9dHrcs,bidu,FULL_SPOKEN,CONTROL,views,PENDING_QA,https://www.youtube.com/watch?v=aDGyz9dHrcs,/workspace/AI_Media_Matrix/01_benchmark/creator_full_corpus/_aggregate/b2_scale/oral/bidu/aDGyz9dHrcs.spoken.txt,2d8b464204142ec49ba5a9492be0ad86b0db9c9f140e01f0d698d04e2b998059,,,0,0,1533,youtube,bidu:FULL_SPOKEN
305,wenyifei_jijiu__tt_7662602247133463082,wenyifei_jijiu,COMPLETE_TEXT,CONTROL,likes_or_chars,N/A_TEXT,https://www.toutiao.com/article/7662602247133463082/,/workspace/AI_Media_Matrix/01_benchmark/creator_full_corpus/wenyifei_jijiu/transcripts/7662602247133463082.txt,ac28996767fd76ab0e8664e089a386e6ab7ccb0c6dff2b6dac4568ac87cbf5f2,为何29万亿的江浙沪，在抢人这件事上输给了广东？答案藏在这里！,NULL,0,0,1912,toutiao,wenyifei_jijiu:COMPLETE_TEXT
306,hetongxue__yt_-tHdM8dOeAc,hetongxue,FULL_SPOKEN,CONTROL,views,PENDING_QA,https://www.youtube.com/watch?v=-tHdM8dOeAc,/workspace/AI_Media_Matrix/01_benchmark/creator_full_corpus/_aggregate/b2_scale/oral/hetongxue/-tHdM8dOeAc.spoken.txt,824f0ea3e1096f3d8c80030931b2b8b2a89f91b4a0d4e45140b57ee235f3e1ac,,,0,0,2485,youtube,hetongxue:FULL_SPOKEN
307,banfo_xianren__tt_6888584343875224075,banfo_xianren,COMPLETE_TEXT,CONTROL,likes_or_chars,N/A_TEXT,https://www.toutiao.com/article/6888584343875224075/,/workspace/AI_Media_Matrix/01_benchmark/creator_full_corpus/banfo_xianren/transcripts/6888584343875224075.txt,45c07ea3c99fd6aa7d6c7f944e18d0ed6344a5e6eec3c24f47b1eab2a7b13549,一人有品，全家真香,2020-10-28 08:25,0,14,4556,toutiao,banfo_xianren:COMPLETE_TEXT
308,bidu__yt_ZdhxyGjU2VU,bidu,FULL_SPOKEN,CONTROL,views,PENDING_QA,https://www.youtube.com/watch?v=ZdhxyGjU2VU,/workspace/AI_Media_Matrix/01_benchmark/creator_full_corpus/_aggregate/b2_scale/oral/bidu/ZdhxyGjU2VU.spoken.txt,f83674d21b052c040026fb44d5309bfe6781c92c4fe8b8719e764376680b4025,,,0,0,1121,youtube,bidu:FULL_SPOKEN
309,wenyifei_jijiu__tt_7662601752608260649,wenyifei_jijiu,COMPLETE_TEXT,CONTROL,likes_or_chars,N/A_TEXT,https://www.toutiao.com/article/7662601752608260649/,/workspace/AI_Media_Matrix/01_benchmark/creator_full_corpus/wenyifei_jijiu/transcripts/7662601752608260649.txt,8927ac79f1fe189cc2ad2b13ddc8a8678fcf8a3b12a866ef50e5db1c339977a1,GDP全国第一的广东不买奢侈品？三笔开销，藏着广东人财富密码！,NULL,0,0,1582,toutiao,wenyifei_jijiu:COMPLETE_TEXT
310,hetongxue__yt_Zoe9FOZRkJY,hetongxue,FULL_SPOKEN,CONTROL,views,PENDING_QA,https://www.youtube.com/watch?v=Zoe9FOZRkJY,/workspace/AI_Media_Matrix/01_benchmark/creator_full_corpus/_aggregate/b2_scale/oral/hetongxue/Zoe9FOZRkJY.spoken.txt,80573109df44ee99013d3feb76863d98fd17a3758c6f49a2bf6d14a26e72b8e0,,,0,0,655,youtube,hetongxue:FULL_SPOKEN
311,banfo_xianren__tt_7503514024592818740,banfo_xianren,COMPLETE_TEXT,CONTROL,likes_or_chars,N/A_TEXT,https://www.toutiao.com/article/7503514024592818740/,/workspace/AI_Media_Matrix/01_benchmark/creator_full_corpus/banfo_xianren/transcripts/7503514024592818740.txt,349009b7024caea184392b1733f77abd4604f811fff2bd466ecb9945e6c42b62,东方树叶对得起我的脸吗？,2025-05-12 11:10,0,13,1834,toutiao,banfo_xianren:COMPLETE_TEXT
312,banfo_xianren__tt_7569551624482406931,banfo_xianren,COMPLETE_TEXT,CONTROL,likes_or_chars,N/A_TEXT,https://www.toutiao.com/article/7569551624482406931/,/workspace/AI_Media_Matrix/01_benchmark/creator_full_corpus/banfo_xianren/transcripts/7569551624482406931.txt,f24916c5437dde9d85bc35eed7e20ebb164ab9dd3d9fc637877b48201ee20e96,山姆的风波，阿里前高管只是背锅,2025-11-06 10:07,0,12,1881,toutiao,banfo_xianren:COMPLETE_TEXT
313,banfo_xianren__tt_7675305910985654830,banfo_xianren,COMPLETE_TEXT,CONTROL,likes_or_chars,N/A_TEXT,https://www.toutiao.com/article/7675305910985654830/,/workspace/AI_Media_Matrix/01_benchmark/creator_full_corpus/banfo_xianren/transcripts/7675305910985654830.txt,e62293221631cc7cece8c62acd3d3b60859486c75b8964b706f6fb090ba8f899,题来！支付宝的一道小学语文题，让成人“吵”起来了,NULL,0,11,2341,toutiao,banfo_xianren:COMPLETE_TEXT
314,banfo_xianren__tt_7686815217749066294,banfo_xianren,COMPLETE_TEXT,CONTROL,likes_or_chars,N/A_TEXT,https://www.toutiao.com/article/7686815217749066294/,/workspace/AI_Media_Matrix/01_benchmark/creator_full_corpus/banfo_xianren/transcripts/7686815217749066294.txt,7ead21a865cfe56ad8ba66aa21d14dcb34f7a8ee89e36d91608b55c89783e704,努比亚把手机炼成法宝了,2026-09-18 18:09,0,10,4309,toutiao,banfo_xianren:COMPLETE_TEXT
315,banfo_xianren__tt_7686071556929274410,banfo_xianren,COMPLETE_TEXT,CONTROL,likes_or_chars,N/A_TEXT,https://www.toutiao.com/article/7686071556929274410/,/workspace/AI_Media_Matrix/01_benchmark/creator_full_corpus/banfo_xianren/transcripts/7686071556929274410.txt,3f16bee8549d5531ba8c16a18b49be8b1488d2313a529939f4e37ec4d213ac9f,很好奇在京东卖空调的精神状态,1789553409,0,10,3057,toutiao,banfo_xianren:COMPLETE_TEXT
316,banfo_xianren__tt_7674911919577137704,banfo_xianren,COMPLETE_TEXT,CONTROL,likes_or_chars,N/A_TEXT,https://www.toutiao.com/article/7674911919577137704/,/workspace/AI_Media_Matrix/01_benchmark/creator_full_corpus/banfo_xianren/transcripts/7674911919577137704.txt,f5ad017a0891687f0f043eb2f24f4794117e945c99b01de5b077d8762d5eedda,让顾客喝“洗脚水”？寿司郎已经开始笑了,2026-08-17 08:22,0,10,1604,toutiao,banfo_xianren:COMPLETE_TEXT
317,banfo_xianren__tt_7684608896274596378,banfo_xianren,COMPLETE_TEXT,CONTROL,likes_or_chars,N/A_TEXT,https://www.toutiao.com/article/7684608896274596378/,/workspace/AI_Media_Matrix/01_benchmark/creator_full_corpus/banfo_xianren/transcripts/7684608896274596378.txt,b22fb32d41cc3ee84174c5818ce677413f6fecd1ecbdd14684bbb7e86f44e1eb,苹果那个折叠屏手机很傻吗？,NULL,0,9,860,toutiao,banfo_xianren:COMPLETE_TEXT
318,banfo_xianren__tt_7676781730111521318,banfo_xianren,COMPLETE_TEXT,CONTROL,likes_or_chars,N/A_TEXT,https://www.toutiao.com/article/7676781730111521318/,/workspace/AI_Media_Matrix/01_benchmark/creator_full_corpus/banfo_xianren/transcripts/7676781730111521318.txt,42d08fa0d5139f3db00b99e37bf1658443f8ae5ec37eb4ce518596b445c19ebe,公司爱“抢”公章？你“抢”它有啥用啊,NULL,0,9,1378,toutiao,banfo_xianren:COMPLETE_TEXT
319,banfo_xianren__tt_7651188929466516002,banfo_xianren,COMPLETE_TEXT,CONTROL,likes_or_chars,N/A_TEXT,https://www.toutiao.com/article/7651188929466516002/,/workspace/AI_Media_Matrix/01_benchmark/creator_full_corpus/banfo_xianren/transcripts/7651188929466516002.txt,92d703f0be965dcd5cd1abdd97d2f1d002e99293c309375514daeb0537757bad,华为鸿蒙这几年是磨出真东西了,2026-06-14 10:01,0,9,2880,toutiao,banfo_xianren:COMPLETE_TEXT
320,banfo_xianren__tt_7664533151087968802,banfo_xianren,COMPLETE_TEXT,CONTROL,likes_or_chars,N/A_TEXT,https://www.toutiao.com/article/7664533151087968802/,/workspace/AI_Media_Matrix/01_benchmark/creator_full_corpus/banfo_xianren/transcripts/7664533151087968802.txt,0f7cfbd08e8dc75f8f4892b51969e8bdbfc60d28e8d6557e0c2bd7d988114ccc,不管谁是冠军，赢家都是伊利,2026-07-20 09:05,0,8,2593,toutiao,banfo_xianren:COMPLETE_TEXT
321,banfo_xianren__tt_7614076235307582004,banfo_xianren,COMPLETE_TEXT,CONTROL,likes_or_chars,N/A_TEXT,https://www.toutiao.com/article/7614076235307582004/,/workspace/AI_Media_Matrix/01_benchmark/creator_full_corpus/banfo_xianren/transcripts/7614076235307582004.txt,fb9027cc715997adcc36226d08895bf286194e893523b1d1044288bab1529db9,豆瓣被羊毛薅穿，因为不够贪婪,2026-03-06 09:45,0,8,1332,toutiao,banfo_xianren:COMPLETE_TEXT
322,banfo_xianren__tt_7553223149681132072,banfo_xianren,COMPLETE_TEXT,CONTROL,likes_or_chars,N/A_TEXT,https://www.toutiao.com/article/7553223149681132072/,/workspace/AI_Media_Matrix/01_benchmark/creator_full_corpus/banfo_xianren/transcripts/7553223149681132072.txt,dd6fccbe833a6ae2f3aedc8a2abfa3af5ab55d562f6c6eeb8d26c09f6bda5eb3,今天的支付宝，这么“邪修”吗？,2025-09-23 10:06,0,7,2443,toutiao,banfo_xianren:COMPLETE_TEXT
323,banfo_xianren__tt_7631148608536740398,banfo_xianren,COMPLETE_TEXT,CONTROL,likes_or_chars,N/A_TEXT,https://www.toutiao.com/article/7631148608536740398/,/workspace/AI_Media_Matrix/01_benchmark/creator_full_corpus/banfo_xianren/transcripts/7631148608536740398.txt,7ba082eb06626d08f014e4aa242aa45c79dea30e85327a1abe619573fc75ffd3,没吃过哈根达斯是很丢人的事情吗？,2026-04-21 09:55,0,7,2522,toutiao,banfo_xianren:COMPLETE_TEXT
324,banfo_xianren__tt_7676398035911410202,banfo_xianren,COMPLETE_TEXT,CONTROL,likes_or_chars,N/A_TEXT,https://www.toutiao.com/article/7676398035911410202/,/workspace/AI_Media_Matrix/01_benchmark/creator_full_corpus/banfo_xianren/transcripts/7676398035911410202.txt,45bf6e05cd562ba6c3c3b8f5ce12925c742ce74f568e532a3830ad76fe910d4a,美团小黄灯，“救”过我的命,NULL,0,6,3589,toutiao,banfo_xianren:COMPLETE_TEXT
325,banfo_xianren__tt_7628560578629534223,banfo_xianren,COMPLETE_TEXT,CONTROL,likes_or_chars,N/A_TEXT,https://www.toutiao.com/article/7628560578629534223/,/workspace/AI_Media_Matrix/01_benchmark/creator_full_corpus/banfo_xianren/transcripts/7628560578629534223.txt,9c545bf7304638ec34acfe452bd4ed622c0fdda1d213ec92c68b69b0596b344b,米哈游搞AI，是要砸掉主播的饭碗么？,2026-04-14 10:32,0,6,2917,toutiao,banfo_xianren:COMPLETE_TEXT
326,banfo_xianren__tt_7650814640167666216,banfo_xianren,COMPLETE_TEXT,CONTROL,likes_or_chars,N/A_TEXT,https://www.toutiao.com/article/7650814640167666216/,/workspace/AI_Media_Matrix/01_benchmark/creator_full_corpus/banfo_xianren/transcripts/7650814640167666216.txt,2941a0179f7d897a03851359dab40cb41ebe01a8d39c57008fdaa640dcddeaa9,花呗这么玩，给我整破防了,2026-06-13 09:50,0,6,2484,toutiao,banfo_xianren:COMPLETE_TEXT
327,banfo_xianren__tt_7625979267112829481,banfo_xianren,COMPLETE_TEXT,CONTROL,likes_or_chars,N/A_TEXT,https://www.toutiao.com/article/7625979267112829481/,/workspace/AI_Media_Matrix/01_benchmark/creator_full_corpus/banfo_xianren/transcripts/7625979267112829481.txt,a443a215ad3bf8e6b9ab29dc828b59d7e0b75a9b1f973f995331d3695376ea50,Patagonia向消费者收地球使用费，是疯了么？,2026-04-07 11:42,0,5,2175,toutiao,banfo_xianren:COMPLETE_TEXT
328,banfo_xianren__tt_7660835275286856219,banfo_xianren,COMPLETE_TEXT,CONTROL,likes_or_chars,N/A_TEXT,https://www.toutiao.com/article/7660835275286856219/,/workspace/AI_Media_Matrix/01_benchmark/creator_full_corpus/banfo_xianren/transcripts/7660835275286856219.txt,fa5ba434adde8826dcbd866b55ea90f21bdcafd3aea943fc469e28159eb81223,高考志愿课程，赚的是背锅钱,2026-07-10 09:56,0,5,1191,toutiao,banfo_xianren:COMPLETE_TEXT
329,banfo_xianren__tt_7686437990106333738,banfo_xianren,COMPLETE_TEXT,CONTROL,likes_or_chars,N/A_TEXT,https://www.toutiao.com/article/7686437990106333738/,/workspace/AI_Media_Matrix/01_benchmark/creator_full_corpus/banfo_xianren/transcripts/7686437990106333738.txt,fb5d31d8fbcfd1e45a65a5d8a691b1797467dacccd432c8d8e12ea8294f94023,别学全季做人文了，你学不会的,NULL,0,4,2702,toutiao,banfo_xianren:COMPLETE_TEXT
330,banfo_xianren__tt_7683466184506868265,banfo_xianren,COMPLETE_TEXT,CONTROL,likes_or_chars,N/A_TEXT,https://www.toutiao.com/article/7683466184506868265/,/workspace/AI_Media_Matrix/01_benchmark/creator_full_corpus/banfo_xianren/transcripts/7683466184506868265.txt,30491508ff930396dd88daf665b0a5803dbc4eade6717a8f31baa7389ffdc8c7,百事把一场演唱会做成了人生特展,NULL,0,4,2561,toutiao,banfo_xianren:COMPLETE_TEXT
